subject,model,k,negll,dev,phi_hat,c,sigma,alpha,lambda,gamma,mu,delta,lr_vs_prev,p_vs_prev,template_effects,dev_absorbed_vs_intercept
qwen-base,none,5,778.9527719902202,73.00106994491247,0.09371693967837759,0.0,,0.03327341540272907,0.994177793380377,0.11830020510336385,0.5224078048499481,-0.31279516394636936,,,,-0.013292075355496591
qwen-base,intercept,6,768.7346925287436,72.0434628083924,0.09371693967837759,-0.8644134026367969,,0.38621830351145364,0.00012340980408667956,0.9922055117757043,0.8436089779924024,-0.31214461362871476,20.436158922953155,6.165382860075614e-06,,0.0
qwen-base,template RE,7,747.0828982083231,69.20201546604524,0.09371693967837759,-0.8681688303205624,0.13656218449030758,0.38614334502435005,0.00012340980408667956,0.9919864970241448,0.8407209378919787,-0.3131733772394625,43.3035886408411,2.3436153557725195e-11,+0.106;+0.099;+0.012;-0.252;+0.035,0.039440738015388166
qwen-base,template FE,10,738.2033216169036,69.18215616234933,0.09371693967837759,,,0.38613561129001717,0.00012340980408667956,0.991963747638094,0.8404722165476494,-0.31326144693924785,61.06274182367997,1.7343507854311187e-12,-0.753;-0.761;-0.854;-1.144;-0.830,0.03971639527729309
qwen-base,tFE + gamble RE,11,738.2032847595522,69.16934512737949,0.09371693967837759,,0.006586306567205925,0.38606319014499463,0.00012340980408667956,0.9920609116584098,0.8403903523746785,-0.313264053436885,7.371470292127924e-05,0.4965748326933797,-0.753;-0.761;-0.854;-1.144;-0.830,0.03989421897524492
qwen-inst,none,5,60.62674935141976,60.8092880881489,1.0030108613554565,0.0,,0.13459612375430002,20.280135688288855,1.1039176559964032,0.07841476714684262,-4.6702046095649745,,,,-0.013049332398179514
qwen-inst,intercept,6,59.84580159378693,60.02598900509198,1.0030108613554565,-1.944019606263349,,0.11348338196520401,38.88232026117315,2.1706716370860666,0.0825216849514862,-4.690797950993916,1.561895515265661,0.21138789609633302,,0.0
qwen-inst,template RE,7,52.53766583332411,46.04343597879864,1.0030108613554565,-2.7179455248808124,1.6223596635096242,0.11601243378836956,37.30690369649356,2.145057827064073,0.07798492639284861,-4.853315083899071,14.616271520925636,6.588593040515905e-05,+1.690;-1.531;-0.139;+1.568;-1.588,0.23294165174200132
qwen-inst,template FE,10,45.329000685720295,45.46548002216639,1.0030108613554565,,,0.11543627077712203,38.08218057821962,2.1572286368626417,0.07729329976338707,-4.88837625084388,29.03360181613327,7.695479021404357e-06,-0.911;-5.664;-2.692;-1.028;-6.398,0.24257008046448725
qwen-inst,tFE + gamble RE,11,45.3290020851444,45.465467594702034,1.0030108613554565,,0.0009118819655545162,0.11543627275998482,38.08217317308578,2.157228532177651,0.0772932904234543,-4.888376579521237,-2.7988482145246962e-06,0.5,-0.911;-5.664;-2.692;-1.028;-6.398,0.24257028749921605
qwen-inst-chat,none,5,848.6110102580213,472.44222457528576,0.5567241278564593,0.0,,0.33240260625207574,0.00012340980408667956,1.28907700259527,0.27602420815783935,0.7365376875738925,,,,-0.010707010424858332
qwen-inst-chat,intercept,6,839.6211775569867,467.4373678052268,0.5567241278564593,0.45667753149733425,,0.17226916894051886,0.00012340980408667956,0.9447016446437421,0.31675540417063197,0.5962457321550803,17.97966540206926,2.2327739040281726e-05,,0.0
qwen-inst-chat,template RE,7,789.4754566814693,433.7283493326115,0.5567241278564593,0.4684340737744921,0.4662113269812382,0.1732092230459095,0.00012340980408667956,0.9507366895811056,0.30403104854906055,0.6240162877949734,100.29144175103488,6.577198028225613e-24,-0.689;-0.025;-0.067;+0.031;+0.750,0.07211451371739985
qwen-inst-chat,template FE,10,778.9716695492485,433.67232335469544,0.5567241278564593,,,0.17327020069915985,0.00012340980408667956,0.9511149201402291,0.303503541511964,0.6252665957290711,121.29901601547635,2.819570494067085e-25,-0.251;+0.444;+0.399;+0.501;+1.251,0.0722343714390431
qwen-inst-chat,tFE + gamble RE,11,778.9639388762248,432.6476747524579,0.5567241278564593,,0.058789290057188026,0.17275128207469265,0.00012340980408667956,0.9547236387408052,0.30320733393618954,0.6257247456555333,0.015461346047459301,0.45052158949420584,-0.250;+0.445;+0.400;+0.503;+1.252,0.07442642683043943
llama-base,none,5,807.5253930593833,18.436826875828643,0.02283126578345611,0.0,,0.22673729763357559,0.00012340980408667956,1.4595766239532362,1.7908153948546897,-0.25814918618400107,,,,-0.006023947468757118
llama-base,intercept,6,802.6900304820643,18.326429427666497,0.02283126578345611,-0.05044944422407517,,0.32401212823216946,0.00012340980408667956,1.7092875674784171,1.613829675145337,-0.2364850218720298,9.670725154637921,0.0018722739883800096,,0.0
llama-base,template RE,7,680.6525737908418,15.256857161392308,0.02283126578345611,-0.050587038423064244,0.12407263074598872,0.3240092141773087,0.00012340980408667956,1.7092146503170969,1.607708844565028,-0.2373816354695914,244.07491338244517,2.5421020785411604e-55,-0.050;-0.143;+0.181;-0.094;+0.105,0.16749428896608787
llama-base,template FE,10,668.1978419219621,15.255802524852106,0.02283126578345611,,,0.3240092062209911,0.00012340980408667956,1.7092139764567356,1.6075928853617327,-0.23739873904321296,268.9843771202045,5.280790118687099e-57,-0.101;-0.196;+0.134;-0.147;+0.057,0.16755183626652437
llama-base,tFE + gamble RE,11,662.7242632301209,14.402348630759494,0.02283126578345611,,0.05270416092292835,0.27909244257128923,0.00012340980408667956,1.660581412872527,1.6656649432914938,-0.23755834220847638,10.947157383682452,0.000468736639072902,-0.085;-0.180;+0.150;-0.131;+0.073,0.2141214038662116
llama-inst,none,5,831.2925655634177,148.4687493347145,0.17859987624704446,0.0,,0.12495137687486196,1.1950870688557436,0.46386626498248135,0.3908233744977652,0.7725142804096162,,,,-0.05941985593752985
llama-inst,intercept,6,784.6677225317515,140.14155813922102,0.17859987624704446,-1.1057079906128457,,0.430974956928913,0.00012340980408667956,2.8941922913622324,0.7249577581210971,0.7921173720566335,93.24968606333255,4.609626237043319e-22,,0.0
llama-inst,template RE,7,672.1100078999989,117.86725953848385,0.17859987624704446,-1.136647670068357,0.3574428708136686,0.4308090599797506,0.00012340980408667956,2.89085005192456,0.7045397229728225,0.8151966856123152,225.11542926350512,3.4642149849882467e-51,+0.284;-0.408;+0.540;-0.203;-0.214,0.15894142249088727
llama-inst,template FE,10,659.9035406452903,117.85869069423532,0.17859987624704446,,,0.4308076045341257,0.00012340980408667956,2.8908111393206974,0.7041166478184526,0.8156938663079005,249.52836377292238,8.225479750389453e-53,-0.847;-1.554;-0.586;-1.344;-1.355,0.1590025666965198
llama-inst,tFE + gamble RE,11,640.7954801301191,102.91659068064946,0.17859987624704446,,0.2908593951800627,0.4427304619914757,0.00012340980408667956,3.2958391709909463,0.8121652896333081,0.82708767378735,38.216121030342265,3.1663533680338806e-10,-0.961;-1.677;-0.696;-1.465;-1.476,0.265624044379406
llama-inst-chat,none,5,884.3814768686489,206.64017733291757,0.23365502640848326,0.0,,0.9999938558253978,3.3305038885931038,2.3057417651909766,1.7270349628555344,0.6343904835228624,,,,-0.0011122750920518065
llama-inst-chat,intercept,6,883.3988942821926,206.41059197273063,0.23365502640848326,0.06552973551781666,,0.9999938558253978,4.232479167230649,2.0694467214154773,2.040562134855093,0.5987622339756726,1.9651651729125206,0.1609619881130957,,0.0
llama-inst-chat,template RE,7,868.4760865855336,201.11102580313883,0.23365502640848326,0.06587273226810325,0.15939766667923555,0.9999938558253978,4.232777707474481,2.0694570633009652,2.0283114015346175,0.6024135529497799,29.845615393317985,2.3392686763736037e-08,+0.170;-0.141;+0.129;-0.212;+0.054,0.025674875106660888
llama-inst-chat,template FE,10,860.4485815723791,201.0481360504362,0.23365502640848326,,,0.9999938558253978,4.232800915083782,2.069456964723813,2.026808518343019,0.6028654654764989,45.90062541962698,2.5829560727598873e-09,+0.256;-0.092;+0.211;-0.172;+0.126,0.025979557885299154
llama-inst-chat,tFE + gamble RE,11,860.4489717223452,201.04800725724118,0.23365502640848326,,0.0009118819655545162,0.9999938558253978,4.232789139280437,2.069437918293169,2.026803873069313,0.6028656022207601,-0.0007802999321029347,0.5,+0.256;-0.092;+0.211;-0.172;+0.126,0.025980181851316564
olmo-base,none,5,854.0584692857838,120.66967257209075,0.1412897089739092,0.0,,0.9999938558253978,0.00012340980408667956,1.8387090422582477,0.4448175024573293,-0.874368553291447,,,,-0.26659354845623473
olmo-base,intercept,6,674.2956099269082,95.27103048895745,0.1412897089739092,0.7692580156657376,,0.31902319742833585,0.00012340980408667956,1.5868597166784382,1.4897285484396139,-1.259899709544015,359.52571871775103,3.57155655012215e-80,,0.0
olmo-base,template RE,7,640.1446641393668,89.10205449089652,0.1412897089739092,0.7751084300025097,0.18078709452746447,0.31902259555307483,0.00012340980408667956,1.5868604455940578,1.478819973377842,-1.2697629421788657,68.30189157508289,7.014317454849334e-17,+0.201;-0.244;+0.105;-0.174;+0.113,0.06475185548429596
olmo-base,template FE,10,630.49228048032,89.08207081936074,0.1412897089739092,,,0.3190224673711696,0.00012340980408667956,1.586858339569707,1.4781591534897645,-1.2703683987287895,87.60665889317647,4.24390859038746e-18,+0.988;+0.516;+0.887;+0.591;+0.895,0.06496161149756907
olmo-base,tFE + gamble RE,11,630.4930594976521,89.0819947338881,0.1412897089739092,,0.0009118819655545162,0.3190216573686028,0.00012340980408667956,1.5868531401525423,1.4781579850875732,-1.2703686501839413,-0.0015580346641854703,0.5,+0.988;+0.516;+0.887;+0.591;+0.895,0.06496241011885251
olmo-sft,none,5,832.9763283789832,228.82956005594605,0.2747131608184601,0.0,,0.061214732903256235,1.1420337147843425,0.3783232983376053,0.5610132750152756,1.1789197319522784,,,,-0.018968471401180853
olmo-sft,intercept,6,817.4701688596505,224.5698139622349,0.2747131608184601,-0.7979161688898847,,0.33546729412211795,0.00012340980408667956,2.185928766600631,1.0313693387426748,1.192367358658816,31.01231903866551,2.5639589866549706e-08,,0.0
olmo-sft,template RE,7,667.3150156776695,179.7397006163838,0.2747131608184601,-0.8535420287837431,0.5252509058549294,0.3351621229305964,0.00012340980408667956,2.1829587441697758,0.9746360156162446,1.262770657604063,300.3103063639619,1.409730786513556e-67,+0.353;-0.984;+0.508;+0.055;+0.069,0.1996266219171826
olmo-sft,template FE,10,654.2434777443705,179.72929371601785,0.2747131608184601,,,0.3351491484279532,0.00012340980408667956,2.182830143323955,0.9737641130813811,1.2638522627088093,326.45338223056,2.1232077560417863e-69,-0.496;-1.855;-0.339;-0.799;-0.784,0.19967296340975604
olmo-sft,tFE + gamble RE,11,653.8267577726638,175.86535487075994,0.2747131608184601,,0.11453465721012271,0.33115585924932994,0.00012340980408667956,2.1842458283485553,0.9532017858961713,1.2674015351174144,0.8334399434133957,0.18063985793210008,-0.480;-1.843;-0.323;-0.783;-0.769,0.2168789216687217
olmo-dpo,none,5,860.072165897052,421.1514185145887,0.4896698616857684,0.0,,0.042149135163552016,1.0806625939322636,0.4184976975708916,0.4282619976172283,1.0726522431530725,,,,-0.01930115408807609
olmo-dpo,intercept,6,843.7861199779773,413.1766326619873,0.4896698616857684,-1.0213633913426514,,0.27308294472324385,0.00012340980408667956,2.28451714571998,0.7430430799391537,1.0956997066914926,32.57209183814939,1.1485216612004407e-08,,0.0
olmo-dpo,template RE,7,684.1757934083416,328.47653764658526,0.4896698616857684,-1.16285488882388,0.7961858942822485,0.2715824242752096,0.00012340980408667956,2.2667708969320857,0.66555082313155,1.218466570717943,319.22065313927123,1.0706080410399874e-71,+0.511;-1.460;+0.853;+0.090;+0.006,0.2049973021700231
olmo-dpo,template FE,10,670.7758839149211,328.4587342987685,0.4896698616857684,,,0.2715246366526422,0.00012340980408667956,2.266066529203776,0.6644626959349851,1.2201657398009274,346.0204721261123,1.2681889396426147e-73,-0.647;-2.651;-0.301;-1.072;-1.157,0.2050403911213562
olmo-dpo,tFE + gamble RE,11,670.7759346249006,328.4585296617879,0.4896698616857684,,0.0009118819655545162,0.27152471338896056,0.00012340980408667956,2.266066737155303,0.6644622628121496,1.2201659382402137,-0.00010141995903723,0.5,-0.647;-2.651;-0.301;-1.072;-1.157,0.2050408863985922
olmo-inst,none,5,811.768171474942,457.212885020014,0.5632308596052505,0.0,,0.03481460743330248,1.0570461250892995,0.3492113535378031,0.3412546370609724,1.0636409688347963,,,,-0.021740233925201524
olmo-inst,intercept,6,794.4956501873147,447.4844680076337,0.5632308596052505,-1.3034407553330283,,0.2613808306297957,0.00012340980408667956,2.031337504468035,0.6009765242232784,1.087481358798865,34.54504257525468,4.165009431918852e-09,,0.0
olmo-inst,template RE,7,671.6023516506798,371.0819472690683,0.5632308596052505,-1.462744800890773,0.7917998757574856,0.2601027073519411,0.00012340980408667956,2.011881580726047,0.5417506979892857,1.1984877691709526,245.78659707326983,1.0764657450395827e-55,+0.511;-1.405;+0.913;-0.089;+0.069,0.17073781594864668
olmo-inst,template FE,10,658.7975625620676,371.0551174676772,0.5632308596052505,,,0.2600518254953113,0.00012340980408667956,2.01105474768017,0.5406803859438809,1.2004590206241672,271.39617525049425,1.5952611120800786e-57,-0.946;-2.906;-0.538;-1.552;-1.392,0.17079777289309783
olmo-inst,tFE + gamble RE,11,658.7976113085215,371.05493787273184,0.5632308596052505,,0.0009118819655545162,0.26005187776823974,0.00012340980408667956,2.0110549700064664,0.5406801397066693,1.2004592357666692,-9.749290779836883e-05,0.5,-0.946;-2.906;-0.538;-1.552;-1.392,0.17079817423651467
olmo-inst-chat,none,5,765.9806423798993,95.33927818728449,0.1244669550539367,0.0,,0.018983356070171233,1.3693793311338718,0.15769174809841807,0.2887128381143187,3.8308834612662106,,,,-0.010772978767884522
olmo-inst-chat,intercept,6,757.8166991697948,94.32313703468952,0.1244669550539367,-1.8520772905148364,,0.2442463481014415,0.06880476181822856,1.7959211903639585,1.148518839495571,3.839752234481526,16.327886420209097,5.32741833901145e-05,,0.0
olmo-inst-chat,template RE,7,699.7530102801695,85.76201132686776,0.1244669550539367,-1.883964819324536,0.3049693383903113,0.24432839505990103,0.0683800249352616,1.7977761749924752,1.1367359984822691,3.907740278971837,116.12737777925054,2.22864321294715e-27,+0.273;+0.170;-0.570;+0.140;-0.012,0.09076379324272477
olmo-inst-chat,template FE,10,688.9428947320627,85.75062431334469,0.1244669550539367,,,0.24433309831145153,0.06825703440146197,1.7980832235467117,1.1363876786474072,3.9103481641071327,137.74760887546427,8.566455733741789e-29,-1.602;-1.709;-2.477;-1.740;-1.898,0.09088451668218045
olmo-inst-chat,tFE + gamble RE,11,688.9433306968178,85.750583941209,0.1244669550539367,,0.0009118819655545162,0.24433306524133763,0.06825486835928612,1.7980877148850425,1.1363892012365124,3.9103488206956687,-0.0008719295103674085,0.5,-1.602;-1.709;-2.477;-1.740;-1.898,0.09088494470161401
