contrast,model,d_lambda,d_gamma,d_alpha,d_c,d_dev
olmo-base -> olmo-sft,none,1.1419103049802557,-1.4603857439206425,-0.9387791229221416,0.0,108.1598874838553
olmo-base -> olmo-sft,intercept,0.0,0.5990690499221929,0.016444096693782106,-1.5671741845556224,129.29878347327744
olmo-base -> olmo-sft,template RE,0.0,0.5960982985757179,0.016139527377521556,-1.628650458786253,90.63764612548728
olmo-base -> olmo-sft,template FE,0.0,0.5959718037542481,0.016126681056783554,,90.64722289665711
olmo-base -> olmo-sft,tFE + gamble RE,0.0,0.597392688196013,0.012134201880727169,,86.78336013687185
olmo-sft -> olmo-dpo,none,-0.06137112085207885,0.040174399233286306,-0.019065597739704218,0.0,192.32185845864268
olmo-sft -> olmo-dpo,intercept,0.0,0.09858837911934915,-0.062384349398874106,-0.22344722245276671,188.6068186997524
olmo-sft -> olmo-dpo,template RE,0.0,0.08381215276230991,-0.06357969865538676,-0.309312860040137,148.73683703020146
olmo-sft -> olmo-dpo,template FE,0.0,0.08323638587982085,-0.06362451177531098,,148.72944058275064
olmo-sft -> olmo-dpo,tFE + gamble RE,0.0,0.08182090880674764,-0.05963114586036938,,152.59317479102796
olmo-dpo -> olmo-inst,none,-0.02361646884296409,-0.06928634403308853,-0.007334527730249535,0.0,36.0614665054253
olmo-dpo -> olmo-inst,intercept,0.0,-0.25317964125194514,-0.011702114093448124,-0.28207736399037686,34.307835345646424
olmo-dpo -> olmo-inst,template RE,0.0,-0.2548893162060386,-0.011479716923268546,-0.29988991206689297,42.60540962248302
olmo-dpo -> olmo-inst,template FE,0.0,-0.25501178152360593,-0.011472811157330898,,42.59638316890869
olmo-dpo -> olmo-inst,tFE + gamble RE,0.0,-0.25501176714883655,-0.011472835620720823,,42.596408210943935
