subject,frame_gap_by_template,frame_gap_sd,uptake_by_template,uptake_sd
qwen-base,+0.179;+0.227;+0.106;+0.238;+0.267,0.06279556102575297,0.277;0.276;0.258;0.208;0.262,0.028385924280865046
qwen-inst,+0.001;+0.001;+0.000;+0.001;+0.001,0.0003398467876301025,0.032;0.001;0.006;0.029;0.000,0.015614952765604843
qwen-inst-chat,+0.698;+0.615;+0.311;+0.786;+0.720,0.18640820961019425,0.403;0.533;0.524;0.544;0.688,0.10108181511277564
llama-base,+0.054;+0.141;+0.061;+0.086;+0.154,0.04577784134677295,0.443;0.420;0.501;0.432;0.482,0.034279107764691896
llama-inst,-0.021;+0.159;+0.083;-0.045;-0.006,0.08517387098231768,0.422;0.275;0.482;0.316;0.314,0.08659672464596443
llama-inst-chat,-0.114;-0.043;-0.074;-0.043;+0.020,0.04910551348559932,0.636;0.554;0.625;0.535;0.606,0.04443601136674343
olmo-base,+0.037;+0.061;+0.121;+0.089;+0.187,0.058138518300612285,0.575;0.469;0.552;0.486;0.554,0.04654855765454032
olmo-sft,+0.087;+0.395;+0.356;+0.085;+0.290,0.1476353813131834,0.533;0.252;0.568;0.466;0.469,0.12261941335166646
olmo-dpo,+0.143;+0.438;+0.460;+0.183;+0.368,0.14660285697753833,0.490;0.140;0.565;0.400;0.382,0.16067017370270206
olmo-inst,+0.194;+0.428;+0.501;+0.256;+0.366,0.12478735768050708,0.418;0.114;0.504;0.300;0.329,0.14600944693699838
olmo-inst-chat,+0.136;+0.065;+0.146;-0.001;+0.042,0.06254096132302259,0.535;0.523;0.437;0.520;0.502,0.03880135576863747
