subject,n,dev,phi_hat,hess_cond,alpha,lambda,gamma,mu,delta,at_wide_bound
qwen-base,1600,73.00106994491247,0.0937169398309791,7578.99434910543,0.03327340832302967,0.994177784653242,0.11830019889053839,0.5224078095790124,-0.31279517424582004,
qwen-inst,1600,60.80928808814889,1.003010856935824,1.5069127165812442e+18,0.13459613630979528,20.23025391740238,1.103917645557992,0.07841476693792065,-4.670204787234821,
qwen-inst-chat,1600,472.44222457528576,0.5567241242959831,117169.69238783953,0.332402602438759,0.00012340980408667956,1.2890770021839484,0.2760242122398,0.7365376709201457,log_lam
llama-base,1600,18.436826875828643,0.022831265785170408,9881417.694196248,0.22673731895089816,0.00012340980408667956,1.459576630947894,1.7908153258510933,-0.2581491898789293,log_lam
llama-inst,1600,148.4687493347145,0.17859987618340856,431.65756634663364,0.12495136773852439,1.1950870699445273,0.46386624731193543,0.39082338166271197,0.7725142892353478,
llama-inst-chat,1600,206.64017733291757,0.23365502632912996,8753300.432838213,0.9999938558253978,3.3305037343219706,2.3057416967910607,1.7270349606797684,0.6343904836551217,a_raw
olmo-base,1600,120.66967257209075,0.14128970898524018,2112270.452869472,0.9999938558253978,0.00012340980408667956,1.838709042142212,0.4448174981954642,-0.8743685503794465,"a_raw,log_lam"
olmo-sft,1600,228.82956005594605,0.27471316047068683,2148.884680465135,0.06121471759861429,1.142033707360689,0.3783232899243116,0.5610132921479966,1.1789197262892965,
olmo-dpo,1600,421.1514185145887,0.4896698587860534,3481.9056062532172,0.04214912369519079,1.080662584409603,0.4184976869087228,0.4282620128929709,1.0726522338358087,
olmo-inst,1600,457.21288502001397,0.5632308604405243,4737.663219212697,0.034814610181951186,1.0570461293472238,0.3492113553992829,0.34125463455291344,1.0636409777860587,
olmo-inst-chat,1600,95.33927818728449,0.12446695647852843,16714.21400935744,0.018983354928820192,1.3693793281711746,0.15769175056916002,0.28871283665177555,3.8308834900682425,
