subject,param,mle,calibration,lo,hi,lo_open,hi_open,phi_hat,c_cluster,profile_improves_fit
qwen-base,alpha,0.03327340832302967,cluster,6.144174602214718e-06,0.15764909752169215,True,False,0.0937169398309791,0.26575990145228895,0.0
qwen-base,lambda,0.994177784653242,cluster,0.9305651541811276,1.0525565006022568,False,False,0.0937169398309791,0.07194193784275221,0.0
qwen-base,gamma,0.11830019889053839,cluster,0.01831563888873418,0.25876413683325694,True,False,0.0937169398309791,0.16761931113990972,0.0
qwen-inst,alpha,0.13459613630979528,quasi,6.144174602214718e-06,0.26594487437107034,True,False,1.003010856935824,,0.0
qwen-inst,lambda,20.23025391740238,quasi,3.584071043829102,8103.083927575384,False,True,1.003010856935824,,0.055933880832711225
qwen-inst,gamma,1.103917645557992,quasi,0.7581399618194596,1.494331062903242,False,False,1.003010856935824,,0.0
qwen-inst-chat,alpha,0.332402602438759,quasi,0.24128257993119995,0.4105692534094894,False,False,0.5567241242959831,0.5644264201794913,0.0
qwen-inst-chat,lambda,0.00012340980408667956,quasi,0.00012340980408667956,0.036261266202412275,True,False,0.5567241242959831,0.00016046181787428632,0.0
qwen-inst-chat,gamma,1.2890770021839484,quasi,1.1262534159099766,1.4912236940781796,False,False,0.5567241242959831,0.757949108251736,0.0
llama-base,alpha,0.22673731895089816,quasi,0.12997763880070087,0.31397031153716726,False,False,0.022831265785170408,0.08554633785463221,0.0
llama-base,lambda,0.00012340980408667956,quasi,0.00012340980408667956,0.13705410840936055,True,False,0.022831265785170408,3.4310858118966423e-05,0.0
llama-base,gamma,1.459576630947894,quasi,1.2218149173266866,1.7797504046814139,False,False,0.022831265785170408,0.06135203004574431,0.0
llama-inst,alpha,0.12495136773852439,cluster,6.144174602214718e-06,0.25818015991559934,True,False,0.17859987618340856,0.7581925739193923,0.0
llama-inst,lambda,1.1950870699445273,cluster,1.1081319959182678,1.2769694129642324,False,False,0.17859987618340856,0.22617016714694513,0.0
llama-inst,gamma,0.46386624731193543,cluster,0.2727275391071964,0.6058037716086538,False,False,0.17859987618340856,0.4747632669628137,0.0
llama-inst-chat,alpha,0.9999938558253978,quasi,0.8917908659313291,0.9999938558253978,False,True,0.23365502632912996,1.855502997670927e-06,0.0
llama-inst-chat,lambda,3.3305037343219706,quasi,2.069851785952651,5.64333046657679,False,False,0.23365502632912996,0.04141772128067511,0.0
llama-inst-chat,gamma,2.3057416967910607,quasi,1.651375949922238,3.9271574673092444,False,False,0.23365502632912996,0.03761271786801782,0.0
olmo-base,alpha,0.9999938558253978,quasi,0.986319709015771,0.9999938558253978,False,True,0.14128970898524018,1.700368279915366e-05,0.0
olmo-base,lambda,0.00012340980408667956,quasi,0.00012340980408667956,0.031593953385551196,True,False,0.14128970898524018,2.942431953135285e-05,0.0
olmo-base,gamma,1.838709042142212,quasi,1.6542601103149894,2.0714776820147813,False,False,0.14128970898524018,0.4043438850715481,0.0
olmo-sft,alpha,0.06121471759861429,cluster,6.144174602214718e-06,0.22497315199180057,True,False,0.27471316047068683,0.6033224287246524,0.0
olmo-sft,lambda,1.142033707360689,cluster,1.012420572795161,1.2610669399203638,False,False,0.27471316047068683,0.249052776584857,0.0
olmo-sft,gamma,0.3783232899243116,cluster,0.17012172103740714,0.5744995189074356,False,False,0.27471316047068683,0.45319654553000277,0.0
olmo-dpo,alpha,0.04214912369519079,cluster,6.144174602214718e-06,0.2024445667887707,True,False,0.4896698587860534,0.9592632672948345,0.0
olmo-dpo,lambda,1.080662584409603,cluster,0.9582611538490562,1.1943941531308588,False,False,0.4896698587860534,0.392189096244732,0.0
olmo-dpo,gamma,0.4184976869087228,cluster,0.2431482598385932,0.6021345755503855,False,False,0.4896698587860534,0.6625402009572449,0.0
olmo-inst,alpha,0.034814610181951186,cluster,6.144174602214718e-06,0.18090781918439186,True,False,0.5632308604405243,1.1340351341569719,0.0
olmo-inst,lambda,1.0570461293472238,cluster,0.9482544364009765,1.1610133123510158,False,False,0.5632308604405243,0.4867851627727901,0.0
olmo-inst,gamma,0.3492113553992829,cluster,0.19686325857204712,0.5172397684101849,False,False,0.5632308604405243,0.7806814888704533,0.0
olmo-inst-chat,alpha,0.018983354928820192,cluster,6.144174602214718e-06,0.05971889946588913,True,False,0.12446695647852843,0.06795748110348726,0.0
olmo-inst-chat,lambda,1.3693793281711746,cluster,1.3367581170703648,1.4018416554878934,False,False,0.12446695647852843,0.050623611221302295,0.0
olmo-inst-chat,gamma,0.15769175056916002,cluster,0.11028060529912859,0.20588548044534372,False,False,0.12446695647852843,0.04743264309060762,0.0
