step,reward,p_opt,p_paid_letter,kl,trace_tokens,ended_answer,agree_risk,agree_gain,agree_mixed,bal_risk,bal_gain,bal_mixed,pg_gain,pg_mixed,frame_gap,p_A,secs
0,,,,,,,0.875,0.75,0.6875,0.9,0.7667,0.6833,0.5,0.5624,0.0624,0.4375,0
1,0.1235,0.8124,,0.0,70.9,1.0,,,,,,,,,,,82
2,0.0965,0.8323,,2e-05,69.7,1.0,,,,,,,,,,,116
3,0.1012,0.6071,,5e-05,64.6,1.0,,,,,,,,,,,152
4,0.0864,0.7166,,0.0002,55.3,0.969,,,,,,,,,,,183
5,0.1001,0.7499,,0.00016,65.9,0.969,,,,,,,,,,,220
6,0.0757,0.452,,0.00019,72.4,0.938,,,,,,,,,,,266
7,0.0979,0.594,,0.00041,56.9,0.969,,,,,,,,,,,306
8,0.0845,0.8746,,0.00032,58.1,0.969,,,,,,,,,,,340
9,0.0875,0.7488,,0.00089,52.6,1.0,,,,,,,,,,,375
10,0.1244,0.6552,,0.00111,57.3,1.0,,,,,,,,,,,410
11,0.0849,0.7187,,0.00048,67.7,0.969,,,,,,,,,,,449
12,0.0861,0.6475,,0.00059,66.3,0.969,,,,,,,,,,,486
13,0.0794,0.7479,,0.00075,61.3,0.969,,,,,,,,,,,519
14,0.09,0.6239,,0.00101,62.4,1.0,,,,,,,,,,,554
15,0.0934,0.687,,0.0005,70.1,1.0,,,,,,,,,,,590
16,0.081,0.4063,,0.00087,63.4,0.969,,,,,,,,,,,627
17,0.0971,0.7439,,0.00044,58.2,0.938,,,,,,,,,,,662
18,0.1046,0.5468,,0.00083,56.3,0.969,,,,,,,,,,,697
19,0.0859,0.7498,,0.00112,66.1,0.906,,,,,,,,,,,733
20,0.0841,0.5624,,0.00096,54.6,1.0,,,,,,,,,,,764
21,0.0927,0.7475,,0.00198,62.9,0.938,,,,,,,,,,,801
22,0.0952,0.6561,,0.00111,54.8,1.0,,,,,,,,,,,834
23,0.0657,0.7475,,0.00073,68.0,1.0,,,,,,,,,,,870
24,0.1117,0.6666,,0.00081,70.1,0.906,,,,,,,,,,,909
25,0.072,0.7196,,0.00163,68.8,1.0,0.875,0.75,0.625,0.9,0.7667,0.6,0.5,0.625,0.1249,0.4167,955
26,0.0966,0.4688,,0.00178,68.4,0.969,,,,,,,,,,,1035
27,0.075,0.812,,0.00163,67.6,0.875,,,,,,,,,,,1076
28,0.1163,0.6545,,0.00167,70.6,0.906,,,,,,,,,,,1114
29,0.082,0.8437,,0.00224,63.4,0.938,,,,,,,,,,,1152
30,0.0988,0.75,,0.00252,64.7,1.0,,,,,,,,,,,1188
31,0.0845,0.7855,,0.0015,58.8,0.969,,,,,,,,,,,1235
32,0.1164,0.8437,,0.00222,74.4,0.969,,,,,,,,,,,1276
33,0.1158,0.7715,,0.00208,63.7,1.0,,,,,,,,,,,1311
34,0.0955,0.625,,0.00229,64.6,0.969,,,,,,,,,,,1345
35,0.1138,0.8663,,0.00189,63.6,0.969,,,,,,,,,,,1385
36,0.1007,0.8125,,0.00184,65.4,0.938,,,,,,,,,,,1420
37,0.0881,0.8261,,0.00292,69.3,0.938,,,,,,,,,,,1456
38,0.0783,0.75,,0.00255,67.0,0.969,,,,,,,,,,,1498
39,0.0951,0.5937,,0.00374,71.1,0.969,,,,,,,,,,,1534
40,0.0838,0.5646,,0.00191,58.7,0.969,,,,,,,,,,,1567
41,0.0821,0.6874,,0.00167,64.8,0.969,,,,,,,,,,,1602
42,0.1161,0.621,,0.00243,61.8,0.969,,,,,,,,,,,1643
43,0.0872,0.8711,,0.00187,65.6,1.0,,,,,,,,,,,1677
44,0.0928,0.8124,,0.00231,66.6,0.938,,,,,,,,,,,1724
45,0.0952,0.8124,,0.00349,66.9,1.0,,,,,,,,,,,1762
46,0.0912,0.5927,,0.00316,66.3,0.969,,,,,,,,,,,1800
47,0.0796,0.5312,,0.00297,83.6,0.844,,,,,,,,,,,1845
48,0.1032,0.7675,,0.00374,65.2,0.938,,,,,,,,,,,1881
49,0.1179,0.7026,,0.00323,58.7,0.969,,,,,,,,,,,1915
50,0.0879,0.5625,,0.00334,68.0,1.0,0.875,0.75,0.75,0.9,0.7667,0.7333,0.5,0.625,0.1249,0.4584,1956
51,0.1127,0.9062,,0.00229,65.2,0.969,,,,,,,,,,,2036
52,0.0992,0.6491,,0.00377,69.6,0.938,,,,,,,,,,,2076
53,0.0656,0.8349,,0.00486,66.6,1.0,,,,,,,,,,,2117
54,0.0975,0.7554,,0.00469,60.9,0.969,,,,,,,,,,,2152
55,0.0936,0.6871,,0.00509,63.4,1.0,,,,,,,,,,,2192
56,0.0749,0.7188,,0.00527,65.2,0.938,,,,,,,,,,,2231
57,0.075,0.7519,,0.00218,72.0,0.938,,,,,,,,,,,2267
58,0.0764,0.5964,,0.00343,66.8,0.969,,,,,,,,,,,2301
59,0.0694,0.7825,,0.00377,66.0,1.0,,,,,,,,,,,2344
60,0.0833,0.8231,,0.00381,62.8,0.938,,,,,,,,,,,2383
61,0.0779,0.7837,,0.00673,67.0,0.906,,,,,,,,,,,2421
62,0.0899,0.8486,,0.0038,60.1,0.969,,,,,,,,,,,2455
63,0.0794,0.5624,,0.00466,65.5,1.0,,,,,,,,,,,2489
64,0.0952,0.7812,,0.00717,66.6,0.906,,,,,,,,,,,2527
65,0.1024,0.8139,,0.01494,58.7,0.969,,,,,,,,,,,2561
66,0.0877,0.655,,0.0044,60.4,1.0,,,,,,,,,,,2595
67,0.0732,0.7929,,0.00617,55.3,0.969,,,,,,,,,,,2634
68,0.0856,0.7657,,0.00673,56.2,1.0,,,,,,,,,,,2668
69,0.0737,0.7774,,0.00671,65.5,0.969,,,,,,,,,,,2712
70,0.0784,0.6511,,0.01003,56.6,1.0,,,,,,,,,,,2750
71,0.0828,0.7479,,0.00635,58.0,0.969,,,,,,,,,,,2783
72,0.0911,0.7088,,0.00988,63.7,1.0,,,,,,,,,,,2821
73,0.0904,0.6312,,0.00824,67.4,0.938,,,,,,,,,,,2868
74,0.0799,0.623,,0.01152,57.8,1.0,,,,,,,,,,,2901
75,0.0914,0.906,,0.01078,58.6,1.0,0.75,0.75,0.6875,0.7333,0.7,0.6833,0.7499,0.5625,-0.1875,0.5209,2935
76,0.0994,0.7188,,0.01051,65.8,0.969,,,,,,,,,,,3022
77,0.0698,0.7211,,0.01256,64.7,0.969,,,,,,,,,,,3060
78,0.1039,0.7184,,0.01152,63.0,1.0,,,,,,,,,,,3095
79,0.0721,0.6871,,0.01898,56.5,1.0,,,,,,,,,,,3129
80,0.0778,0.7188,,0.00817,68.3,0.969,,,,,,,,,,,3166
81,0.0765,0.6357,,0.01287,60.9,0.906,,,,,,,,,,,3200
82,0.1119,0.8435,,0.0073,66.0,0.969,,,,,,,,,,,3234
83,0.0718,0.5777,,0.02395,63.0,1.0,,,,,,,,,,,3268
84,0.0768,0.6868,,0.02274,67.0,0.969,,,,,,,,,,,3315
85,0.1124,0.7584,,0.01814,61.8,0.969,,,,,,,,,,,3349
86,0.0796,0.6272,,0.01349,54.2,1.0,,,,,,,,,,,3383
87,0.1177,0.8436,,0.0143,60.9,1.0,,,,,,,,,,,3417
88,0.1016,0.7916,,0.01811,57.7,1.0,,,,,,,,,,,3450
89,0.1082,0.8263,,0.01025,58.6,0.969,,,,,,,,,,,3483
90,0.098,0.8443,,0.0231,62.3,1.0,,,,,,,,,,,3516
91,0.0862,0.5624,,0.02284,62.8,1.0,,,,,,,,,,,3550
92,0.1088,0.7899,,0.01356,56.6,0.969,,,,,,,,,,,3588
93,0.0936,0.8411,,0.02449,56.9,1.0,,,,,,,,,,,3626
94,0.0693,0.7496,,0.02047,58.2,0.875,,,,,,,,,,,3660
95,0.091,0.8135,,0.01658,57.1,1.0,,,,,,,,,,,3694
96,0.1093,0.7801,,0.01961,58.6,0.969,,,,,,,,,,,3730
97,0.1123,0.9078,,0.01535,58.2,1.0,,,,,,,,,,,3764
98,0.0896,0.8432,,0.01941,56.5,0.969,,,,,,,,,,,3799
99,0.1062,0.8746,,0.01359,57.8,1.0,,,,,,,,,,,3831
100,0.0847,0.7186,,0.03015,57.0,1.0,0.75,0.75,0.6875,0.7333,0.6667,0.6833,0.8748,0.5623,-0.3125,0.5202,3865
101,0.0965,0.7186,,0.02025,54.1,1.0,,,,,,,,,,,3951
102,0.0964,0.7191,,0.01777,58.8,1.0,,,,,,,,,,,3985
103,0.0949,0.8124,,0.01446,62.4,0.969,,,,,,,,,,,4019
104,0.0949,0.7503,,0.02443,53.8,1.0,,,,,,,,,,,4053
105,0.0854,0.7211,,0.02834,58.2,0.969,,,,,,,,,,,4087
106,0.1061,0.7801,,0.02243,67.4,0.938,,,,,,,,,,,4122
107,0.1218,0.8199,,0.01505,56.8,1.0,,,,,,,,,,,4154
108,0.0952,0.6564,,0.0261,62.1,1.0,,,,,,,,,,,4190
109,0.0891,0.7809,,0.04367,62.4,0.969,,,,,,,,,,,4225
110,0.085,0.5952,,0.03275,65.8,1.0,,,,,,,,,,,4263
111,0.0929,0.6585,,0.04789,60.3,1.0,,,,,,,,,,,4298
112,0.0892,0.7803,,0.0253,58.9,0.969,,,,,,,,,,,4336
113,0.1029,0.8423,,0.02175,60.0,1.0,,,,,,,,,,,4369
114,0.0876,0.8199,,0.01576,61.4,0.969,,,,,,,,,,,4412
115,0.0971,0.4997,,0.03699,62.7,1.0,,,,,,,,,,,4450
116,0.1194,0.6577,,0.03138,62.0,1.0,,,,,,,,,,,4485
117,0.073,0.7209,,0.03098,57.5,1.0,,,,,,,,,,,4521
118,0.1026,0.6248,,0.04461,58.4,1.0,,,,,,,,,,,4552
119,0.06,0.8072,,0.0323,61.2,1.0,,,,,,,,,,,4586
120,0.0792,0.7186,,0.03497,55.9,1.0,,,,,,,,,,,4621
121,0.1228,0.7287,,0.03479,55.0,1.0,,,,,,,,,,,4657
122,0.1043,0.6937,,0.02609,56.2,0.969,,,,,,,,,,,4690
123,0.1073,0.5898,,0.04054,62.7,1.0,,,,,,,,,,,4725
124,0.0837,0.8438,,0.01801,65.0,0.969,,,,,,,,,,,4762
125,0.0738,0.837,,0.02268,57.4,1.0,0.75,0.8125,0.625,0.7333,0.75,0.6,0.8125,0.6249,-0.1875,0.5208,4794
126,0.1068,0.8256,,0.01985,55.7,0.969,,,,,,,,,,,4879
127,0.0914,0.7759,,0.02625,65.7,1.0,,,,,,,,,,,4916
128,0.1114,0.595,,0.02568,64.6,0.906,,,,,,,,,,,4953
129,0.0943,0.6881,,0.02038,61.3,0.969,,,,,,,,,,,4986
130,0.0626,0.7187,,0.01802,53.3,1.0,,,,,,,,,,,5020
131,0.0932,0.6299,,0.02198,60.0,1.0,,,,,,,,,,,5061
132,0.0718,0.7551,,0.01983,61.2,1.0,,,,,,,,,,,5099
133,0.1039,0.6505,,0.03614,62.5,0.969,,,,,,,,,,,5135
134,0.081,0.5939,,0.01284,59.3,1.0,,,,,,,,,,,5176
135,0.1056,0.8436,,0.0152,53.4,0.969,,,,,,,,,,,5209
136,0.0866,0.6248,,0.02284,60.9,0.969,,,,,,,,,,,5244
137,0.0759,0.7473,,0.01559,58.5,1.0,,,,,,,,,,,5278
138,0.0794,0.6001,,0.01087,63.6,0.969,,,,,,,,,,,5314
139,0.114,0.8904,,0.01063,60.8,0.969,,,,,,,,,,,5349
140,0.089,0.8937,,0.01057,60.2,0.938,,,,,,,,,,,5384
141,0.073,0.7229,,0.01836,56.7,0.906,,,,,,,,,,,5423
142,0.0792,0.7916,,0.02416,59.9,0.969,,,,,,,,,,,5464
143,0.0784,0.6946,,0.01413,54.7,1.0,,,,,,,,,,,5503
144,0.1038,0.8437,,0.01016,60.2,0.938,,,,,,,,,,,5537
145,0.0943,0.686,,0.01304,53.0,0.969,,,,,,,,,,,5570
146,0.0954,0.7222,,0.0153,69.9,1.0,,,,,,,,,,,5609
147,0.1046,0.8649,,0.01532,59.8,1.0,,,,,,,,,,,5643
148,0.1093,0.7269,,0.01287,62.8,1.0,,,,,,,,,,,5682
149,0.0992,0.868,,0.04047,50.3,1.0,,,,,,,,,,,5716
150,0.1101,0.8945,,0.0096,56.4,1.0,0.75,0.8125,0.625,0.7667,0.75,0.6,0.8125,0.625,-0.1875,0.5208,5751
151,0.0742,0.8955,,0.01427,55.7,0.969,,,,,,,,,,,5826
152,0.1309,0.7194,,0.01126,66.1,1.0,,,,,,,,,,,5862
153,0.0963,0.8431,,0.01158,54.9,1.0,,,,,,,,,,,5896
154,0.0702,0.8746,,0.01613,62.8,1.0,,,,,,,,,,,5930
155,0.0942,0.7436,,0.01586,58.2,1.0,,,,,,,,,,,5964
156,0.1158,0.8431,,0.01889,65.9,0.969,,,,,,,,,,,6001
157,0.1072,0.8972,,0.01875,55.7,0.938,,,,,,,,,,,6034
158,0.1208,0.6718,,0.01319,58.3,1.0,,,,,,,,,,,6072
159,0.1111,0.8318,,0.01615,55.4,1.0,,,,,,,,,,,6105
160,0.1003,0.8009,,0.02056,58.6,1.0,,,,,,,,,,,6141
161,0.091,0.733,,0.01671,54.1,1.0,,,,,,,,,,,6175
162,0.0819,0.6217,,0.01834,54.5,1.0,,,,,,,,,,,6209
163,0.0821,0.5937,,0.02104,67.3,1.0,,,,,,,,,,,6248
164,0.0716,0.8747,,0.01556,62.4,1.0,,,,,,,,,,,6287
165,0.0785,0.7813,,0.01961,61.6,1.0,,,,,,,,,,,6323
166,0.0923,0.8084,,0.01804,55.8,1.0,,,,,,,,,,,6357
167,0.1092,0.7808,,0.02347,58.4,0.938,,,,,,,,,,,6391
168,0.0925,0.8408,,0.01508,59.1,1.0,,,,,,,,,,,6424
169,0.1044,0.9043,,0.01531,60.3,1.0,,,,,,,,,,,6458
170,0.1,0.9059,,0.01825,62.0,0.969,,,,,,,,,,,6494
171,0.0927,0.8422,,0.02234,58.9,1.0,,,,,,,,,,,6531
172,0.0945,0.7603,,0.02175,54.0,0.969,,,,,,,,,,,6563
173,0.0904,0.7049,,0.01596,60.5,1.0,,,,,,,,,,,6601
174,0.0921,0.8548,,0.02012,58.7,0.969,,,,,,,,,,,6635
175,0.1285,0.9445,,0.01529,61.8,1.0,0.75,0.875,0.625,0.7667,0.8333,0.6333,0.75,0.5,-0.25,0.5,6671
176,0.1033,0.9062,,0.01773,56.2,1.0,,,,,,,,,,,6749
177,0.0622,0.6876,,0.02179,61.9,0.938,,,,,,,,,,,6782
178,0.0912,0.7497,,0.02926,55.3,1.0,,,,,,,,,,,6816
179,0.0773,0.8478,,0.01869,61.8,1.0,,,,,,,,,,,6856
180,0.1173,0.8749,,0.02145,62.8,1.0,,,,,,,,,,,6891
181,0.0842,0.6883,,0.01305,53.5,0.969,,,,,,,,,,,6923
182,0.0996,0.7291,,0.0255,54.6,1.0,,,,,,,,,,,6957
183,0.0974,0.8054,,0.02209,59.8,1.0,,,,,,,,,,,6991
184,0.0972,0.7209,,0.01684,60.5,1.0,,,,,,,,,,,7025
185,0.083,0.7372,,0.02257,57.8,1.0,,,,,,,,,,,7061
186,0.0803,0.6564,,0.02641,56.6,1.0,,,,,,,,,,,7100
187,0.0859,0.9426,,0.01588,59.8,1.0,,,,,,,,,,,7133
188,0.0887,0.9369,,0.01749,59.3,1.0,,,,,,,,,,,7169
189,0.0853,0.7481,,0.01318,61.2,1.0,,,,,,,,,,,7204
190,0.0971,0.731,,0.03197,53.1,1.0,,,,,,,,,,,7236
191,0.0676,0.7724,,0.01434,59.4,0.969,,,,,,,,,,,7270
192,0.067,0.7631,,0.01401,57.1,1.0,,,,,,,,,,,7305
193,0.1016,0.8199,,0.0104,50.3,0.969,,,,,,,,,,,7339
194,0.0879,0.8113,,0.01358,60.8,1.0,,,,,,,,,,,7373
195,0.0728,0.9349,,0.00945,55.2,0.969,,,,,,,,,,,7408
196,0.0988,0.7555,,0.01469,56.3,1.0,,,,,,,,,,,7441
197,0.0925,0.8115,,0.01438,50.6,1.0,,,,,,,,,,,7474
198,0.0811,0.778,,0.00938,58.6,1.0,,,,,,,,,,,7508
199,0.1021,0.8731,,0.01137,59.5,0.969,,,,,,,,,,,7541
200,0.0809,0.8467,,0.01777,60.2,1.0,0.8125,0.8125,0.6875,0.85,0.7833,0.7167,0.6735,0.4375,-0.236,0.4422,7576
