truth,design,r,n,lambda_hat,c_hat,gamma_hat,alpha_hat,dev,ddev_lambda0
A,D1,0,1600,1.5480449131273928,10.0,0.030158844391132894,0.007688975565204549,150.0321773843826,2193.949149047947
A,D1,1,1600,0.9173384042629491,0.0290690850417724,0.5708182170453646,0.11623476353026717,174.47450203673824,0.4340838140280141
A,D1,2,1600,0.7778649482415031,-0.22860362557134467,0.931065309279859,0.08198361550717419,162.2678516711846,0.30405336980379616
A,D1,3,1600,0.9866524910329082,-0.4059704105693156,0.46347738441171876,0.12976352401500363,148.95852697554972,0.4161967570440197
A,D1,4,1600,0.7657697835250356,-0.3664705829969469,0.4230956040138866,6.144174602214718e-06,165.58446877080206,0.1576014467082132
A,D1,5,1600,1.539457305649824,8.020210573386809,0.01831563888873418,6.144174602214718e-06,160.7346938725622,0.6147183218979535
A,D1,6,1600,0.00012340980408667956,-0.5328075293979356,10.229781833276663,6.144174602214718e-06,203.4234751628651,-2.842170943040401e-14
A,D1,7,1600,1.5623077758060178,10.0,0.03367558371359264,0.0016458852124763786,148.09497261755678,2149.77603398105
A,D1,8,1600,0.31350021406382406,-0.4975813190985534,0.8899824244112415,0.09611755363813874,208.05755668784354,0.02537217210954168
A,D1,9,1600,0.9583880845604039,-0.821145939060316,0.41343858859315197,6.144174602214718e-06,160.0607762709023,0.2473543049097202
A,D1,10,1600,0.4617812897374156,-0.44711294175724964,0.6000949194116614,0.16850361632500738,169.8662797552873,0.05178160421999678
A,D1,11,1600,1.5502815745167076,10.0,0.01954547659427316,0.0041333380987896955,180.86059636629102,2314.0983473593224
A,D1,12,1600,1.544151104644427,10.0,0.021674748144225733,0.005592146822056203,151.06865316770174,2049.67413912434
A,D1,13,1600,0.9083984467059014,-0.03868533243269631,0.950759852709643,0.27219125441355146,166.3117992416199,0.9090632340269735
A,D1,14,1600,1.5497778874578794,10.0,0.031852322636866486,0.010612598246125154,154.79917078378026,2447.0735142574395
A,D1,15,1600,1.5474380136065764,10.0,0.040040881366674205,0.01427416055183804,157.8483308463846,2239.174677138345
A,D1,16,1600,1.3261701929365965,1.042672172711497,0.23086944579827634,0.09277387795953454,149.76927858538653,0.8332069445714296
A,D1,17,1600,0.880176093587074,0.27355239597193615,0.470840812030064,6.144174602214718e-06,199.9461308979677,0.1818350550629475
A,D1,18,1600,1.5498143236361919,10.0,0.02170719708465339,0.003996583336813243,153.73569249944836,0.8227546937667398
A,D1,19,1600,0.6039665606787337,-0.20398521896069968,0.8624378863934251,0.25618248332261057,161.8800086423295,0.13442902636811027
A,D1,20,1600,1.3023007160660607,0.9431837476187208,0.1977422411020394,0.049160293089062744,146.1181924781705,0.721147877246608
A,D1,21,1600,0.6720931738669746,-0.47118317384145714,0.7156201745676609,0.0160566264610627,170.12770500917162,0.23735963709782482
A,D1,22,1600,0.522506908438524,-0.52158611842876,0.9587803244604209,0.22865835376798302,148.5852659932207,0.1618981387982501
A,D1,23,1600,0.13564874192025145,-0.46297030197896905,1.9007498096933406,6.144174602214718e-06,183.83022396699465,0.013039878272934402
A,D1,24,1600,0.909932690632605,-0.27231297102470453,0.5020275735900497,0.07299599388819779,147.40631841015892,0.368996031239476
A,D1,25,1600,0.9101073101568317,-0.15861957195330662,0.591450822658917,0.10567113039290961,157.90328236837388,0.25964973696693505
A,D1,26,1600,0.6822321135214396,-0.3198909625070777,1.0324937637713505,0.09888080524006582,180.07865683517366,0.26819888871898456
A,D1,27,1600,1.0702746201712083,-0.07495880572179167,0.5033658843145031,0.047687030851529116,206.29963550203647,0.5415041448261206
A,D1,28,1600,1.553569387898448,10.0,0.030216513172123167,6.144174602214718e-06,156.1825705676689,2029.3955197423652
A,D1,29,1600,1.5509319612987045,10.0,0.026386681809093846,0.0010181299601739954,146.9802339105387,3.597587855848758
A,D1,30,1600,1.5431466822186006,10.0,0.019227774837185775,0.00011515779833037996,161.49220266000327,0.6030151056756949
A,D1,31,1600,0.6095241735239627,-0.2534055180432019,0.9943122058520926,0.32587124028237907,135.22672891750366,0.2560063499491605
A,D1,32,1600,1.034495544670662,0.006758400771058952,0.3038701342067166,0.09168433479219332,167.98659686271483,0.18051094087789465
A,D1,33,1600,0.6632637985600035,-0.7600611151918306,0.8146525937347158,0.1820082799274652,157.0382881179885,0.16686423512538795
A,D1,34,1600,0.1916548662751551,-0.5429085087677346,0.8128270216731187,0.17137539173058475,156.7885675469303,0.005932178384711051
A,D1,35,1600,0.5920098289488853,-0.44790531491887764,0.9495000253758065,0.2543539414525745,147.39943101775722,0.2060744325166013
A,D1,36,1600,1.5450639225147678,10.0,0.02266800462199455,0.0019281386175817523,157.7234567985018,2028.2112909835967
A,D1,37,1600,1.2241074542853376,-0.08907286485543525,0.4840995751523896,0.11997415755408063,197.29073178865036,1.141966400045618
A,D1,38,1600,1.2105684240722765,0.48125639066722237,0.15963694628160677,0.03459151470643273,208.26172765875,0.1597835454361416
A,D1,39,1600,1.223093800485383,0.5446802599832873,0.34050675921555235,0.13825216794498632,164.46671979796076,1.0189287277198673
A,D2,0,2320,1.1789777505506835,0.005842141238351774,0.3354191734210768,0.06962756898600109,214.02734193011986,0.8828575443105251
A,D2,1,2320,0.8863755643863339,-0.4035471607109642,0.6641434385946277,0.10293276651555097,242.08072889527074,0.4052292915515636
A,D2,2,2320,1.5400856592174,10.0,0.020206085868893976,0.0054371155350680074,228.4247993459357,0.6334957631913198
A,D2,3,2320,0.8461387854130018,-0.4063624946732076,0.8199353683684888,0.12639866825971655,273.7092799324692,0.40503646429635864
A,D2,4,2320,1.524473787824758,4.216188065121751,0.051473747508525375,0.0014650372523856978,301.88573919853957,0.7280665005371247
A,D2,5,2320,1.1175680477652878,-0.36402887457711997,0.5061927509802504,0.12357929504908878,254.5090185486624,1.1779798343065693
A,D2,6,2320,1.5522461875425342,10.0,0.02481549963369243,0.004730748975076946,291.9007173688424,1.1478101902562798
A,D2,7,2320,1.3583535221301366,1.3084938381467741,0.13773398545484572,0.01645553382752433,295.5013292985245,0.49479118853219006
A,D2,8,2320,1.2865407160706,0.3780283376280102,0.348742020032652,0.08311189903031678,230.43453365550795,1.4841237949724473
A,D2,9,2320,0.8200335190467399,-0.3480018929772714,0.7670119932489431,0.11317021754674221,239.85512435873864,0.4203982606914849
A,D2,10,2320,1.5176488829691643,5.330085152330853,0.04296488522873049,0.009165054437813921,212.45550133193905,0.8238294020867443
A,D2,11,2320,1.2218754318714795,0.08375165949633535,0.22440430673976988,0.05119420133339188,219.74010297947723,0.28384681347949936
A,D2,12,2320,1.0673787321604429,-0.24498770702874156,0.5206948169348157,0.13498953852550089,226.3656679194807,0.8337199157076327
A,D2,13,2320,0.12798179724412548,-0.24396797272020973,1.1944769505105266,0.16142935513644796,279.49273766302616,0.006656723076446269
A,D2,14,2320,0.05136696190381901,-0.6082347754867248,1.2820279891615485,0.2846025624307578,257.0275778565558,0.0022651233578017127
A,D2,15,2320,1.1486954209614753,0.14971575861893638,0.3762160424115426,0.04578156298661939,265.78475766273857,0.6583950956969034
A,D2,16,2320,0.9525923473700382,-0.1693533945553226,0.7155788889728965,0.17577813119173283,242.72915038858008,0.6888777160873474
A,D2,17,2320,0.8248157705126749,-0.30612350827750223,0.8011509073130372,0.25501494144162346,240.11682003065448,0.48803335082209287
A,D2,18,2320,0.3861145863811266,-0.4569857697408788,0.6879963539741728,0.08526839441818358,250.81978028785954,0.03919081451056172
A,D2,19,2320,1.5557261691697983,10.0,0.03132693508211157,0.005265142768672022,229.79899906376335,3636.8241087310616
A,D2,20,2320,1.2065812170084678,0.08381637537480874,0.2452033606665793,0.0315981310614422,266.23131760573733,0.5545948066264828
A,D2,21,2320,1.5500073292765477,10.0,0.026646576672987206,0.0067204220649767325,213.60853343659934,5189.94376629311
A,D2,22,2320,0.8256780667137027,-0.12482429015192231,0.4703806447911964,6.144174602214718e-06,284.4189102636106,0.14217638956040446
A,D2,23,2320,1.0125313209782294,-0.16599446997495826,0.5663911098870682,0.03755467466114574,255.43309216730762,0.5721671422962231
A,D2,24,2320,0.5627694932471164,-0.3347356283578524,1.0794229584616293,6.144174602214718e-06,222.02534899381223,0.26722913059361986
A,D2,25,2320,0.8545155527007795,-0.11307416254888003,0.1825299116474353,0.02542957815118399,264.53107110687466,0.020521208807565472
A,D2,26,2320,0.1575060785994559,-0.15372077028718706,1.5515992263363863,6.144174602214718e-06,215.8695249036145,0.012340230102267924
A,D2,27,2320,1.1166587039570315,0.2035956030862053,0.27216407903135303,6.144174602214718e-06,252.00340391538685,0.3023350843361925
A,D2,28,2320,0.8754014759350351,-0.2248932801316515,0.8426018322097745,0.17290188753208108,315.3894118982331,0.5763628475664291
A,D2,29,2320,1.545910849967286,9.723329804950883,0.01831563888873418,0.0002883886480906806,214.15018784210352,0.5789543809553095
A,D2,30,2320,0.6952093564583844,-0.43221167341286904,0.7845475588231934,0.18668582383079282,219.41462936344055,0.394254416313629
A,D2,31,2320,1.523498623796019,4.443361238920367,0.05059695616822091,0.005375872150907983,292.3116939443296,0.7621094938536999
A,D2,32,2320,1.554532573707942,10.0,0.030359196515801712,0.005875786499807393,221.9987576737257,2.696719188663792
A,D2,33,2320,0.5594097919677063,-0.5535294316139973,0.8763337306015704,0.19354641853600177,317.81749028443414,0.1733599882860517
A,D2,34,2320,1.0409671078129308,0.2161942881382583,0.5534374434199523,0.13188751721855196,215.30471064196502,0.8303739323818888
A,D2,35,2320,1.5152276222211565,3.7215896014857073,0.0822991930812318,0.023437157883698677,237.84822352959014,1.8278897279851662
A,D2,36,2320,0.639966752301893,-0.35070085616171354,0.5154051375178254,6.144174602214718e-06,260.49691844435995,0.07704227713554701
A,D2,37,2320,0.4473705141869628,-0.37548667494247673,0.9581758798519606,0.178728652658381,280.4567703505942,0.1190099770730626
A,D2,38,2320,0.9109218869300292,-0.6374601425691906,0.7517553672865414,0.10598743025833093,269.5639456982923,0.5584312596516838
A,D2,39,2320,1.4023563251224438,1.0077213867372472,0.21763336248262868,0.04897150184505287,289.20846058830534,1.6715338356616485
B,D1,0,1600,0.27421375556069183,-0.5272449671205597,1.2849144921339162,0.40156056990040434,172.12593565455464,0.05476868990407979
B,D1,1,1600,0.005528144951506574,-0.6394582933958998,1.836943930391919,0.3220118727923522,185.40311222487367,2.1787354711477747e-05
B,D1,2,1600,0.2653338462857438,-0.6689177430271365,2.7827492361451496,0.4162703211660354,189.85789301649652,0.10097209929332962
B,D1,3,1600,0.17235493263800017,-0.5601363472365437,1.415931150387221,0.18464849757409466,213.49609540951036,0.01566882026475014
B,D1,4,1600,0.34574753200884634,-0.6636752649763793,1.6196287410777253,0.232035217060015,154.15910442916663,0.10997190742801877
B,D1,5,1600,0.3807539041743913,-0.41990174743425446,1.4413035189077015,0.3509441525239815,170.58677208561494,0.09734662646371817
B,D1,6,1600,0.00012340980408667956,-1.0215677228887257,2.540729731290887,0.2513165695520101,154.88921457589032,0.0
B,D1,7,1600,0.11112609596295799,-0.1946951487256914,2.4736656492607887,0.12740359174051216,155.0888919018663,0.009243705417731007
B,D1,8,1600,0.00012340980408667956,-0.7577454398952764,2.2550324650391045,0.41006335391728244,187.72963302960596,0.0
B,D1,9,1600,0.00012340980408667956,-0.6498123495816821,2.773100113764391,0.3442422103758343,186.46808815071594,0.0
B,D1,10,1600,0.1091641914810948,-0.587583440315143,2.1590443502784358,0.1940904918642888,162.6887405357657,0.007969946291666474
B,D1,11,1600,0.27741113825361335,-0.6694351219919914,1.7974836052422873,0.1579948124495601,152.03924290512415,0.08168264087535704
B,D1,12,1600,0.30787408546381606,-0.9233460743486944,2.03087083210973,0.4103652884079702,150.09428248626122,0.14407650421011908
B,D1,13,1600,0.00012340980408667956,-0.4932518603951042,2.3106561301527133,0.30519649943772215,196.716412587056,0.0
B,D1,14,1600,0.00012340980408667956,-0.20303343834303084,2.292531309507247,0.3201390673304206,205.48126433127564,0.0
B,D1,15,1600,0.3962937465004352,-0.4098626458027791,1.327620144742193,0.24778891115732377,181.31629328580814,0.13800433340088603
B,D1,16,1600,0.3392261194948634,-0.4803554753171596,1.8770030371444062,0.4085421287198569,197.25883757205997,0.1453171733623435
B,D1,17,1600,0.2525884147968943,-0.38364148215962046,1.7725466407560297,0.23596582575153824,138.49295176955553,0.08047798457835142
B,D1,18,1600,0.00012340980408667956,-0.13232571759469544,2.2533340231302788,0.44716361743680394,176.93609231988864,0.0
B,D1,19,1600,0.08075501374733612,-0.8185132383991698,1.7506019793965755,0.27179155331240246,155.7946654491991,0.005903711185908378
B,D1,20,1600,0.00012340980408667956,-0.42066807575461257,1.4136551829199089,0.25803582433839656,179.60292742589667,0.0
B,D1,21,1600,0.04799451726529151,-0.5117389046062324,1.6786634667650402,0.5216214133837924,161.69227761843553,0.0017958899695713626
B,D1,22,1600,0.00012340980408667956,-0.18729637912608407,2.3458469946066747,0.32618663445824997,184.11581697253516,0.0
B,D1,23,1600,0.5203302357835584,-0.39867532510453557,0.9728464808669506,0.07213980544121343,181.25828782894928,0.12918766511313606
B,D1,24,1600,0.259977532630527,-0.6636715945293412,2.1324378810705054,0.41896254167898594,149.89989188114706,0.08292990830918257
B,D1,25,1600,0.00012340980408667956,-0.6896186535616188,3.104924823869049,0.3650464801220012,158.7287718951893,0.0
B,D1,26,1600,0.00012340980408667956,-0.6816589772742263,1.9208153374572257,0.1784881172851438,233.39726934737195,0.0
B,D1,27,1600,0.5530654866332858,-0.7861293934508881,1.3815096803341078,0.3461859113340475,253.7803279195628,0.2951072000491024
B,D1,28,1600,0.37914275579321,-0.42907693711068373,2.266402765947556,0.25542644221478034,223.76692276379714,0.21155546936708447
B,D1,29,1600,0.6715979040521257,-0.1266429501846201,1.098296697763907,0.2909869721320488,168.4288048704755,0.4258938964793231
B,D1,30,1600,0.00012340980408667956,-0.6751826320118781,1.6176386260857345,0.5483291035260569,188.430411281776,0.0
B,D1,31,1600,0.42616599080224443,-0.3151522501118931,2.3638278431971735,0.1181033225906793,139.89363583124492,0.29530041012753827
B,D1,32,1600,0.00012340980408667956,-0.8032629294638174,2.2072289653843216,0.2625038392094786,194.16558504431583,0.0
B,D1,33,1600,0.00012340980408667956,-0.7114885960219608,3.648894559565411,0.23943493987664843,154.31616178724323,0.0
B,D1,34,1600,0.0024332281043044726,-0.43229105556399394,2.2567876184064497,0.34128247808142226,178.5878059377636,8.502068141069685e-06
B,D1,35,1600,0.20311824701451867,-0.8391972024606836,1.8539684986169103,0.34938017762805257,176.13666310579458,0.0409772629601548
B,D1,36,1600,0.0452329620220746,-0.5381991623186508,2.5598764929825184,0.430512477557771,188.41097370416378,0.0032754057542945247
B,D1,37,1600,0.20172191520817978,-0.5221259215491492,1.8969666732345654,0.6461249816400128,180.8280870977303,0.04930912616310934
B,D1,38,1600,0.00012340980408667956,-0.5120687883214514,2.8128097007051482,0.31807864090451654,179.70474031869753,0.0
B,D1,39,1600,0.00012340980408667956,-0.3294583052213472,1.6287846147436285,0.29214552539612654,157.053366079101,0.0
B,D2,0,2320,0.4403543878005894,-1.285633118453206,1.5159581580749444,0.25139372757852035,210.08249844352883,0.2659596011404801
B,D2,1,2320,0.20150407224715133,-0.5044462200707454,1.2765320645888238,0.34495735448612586,350.9764728931615,0.026182248267446084
B,D2,2,2320,0.00012340980408667956,-0.6399923920245492,2.280859811621728,0.260680992954486,237.6180998827,0.0
B,D2,3,2320,0.253002780678002,-0.5149418298702921,1.8011240416423726,0.341556295497487,317.5416791768611,0.07222934404916259
B,D2,4,2320,0.00012340980408667956,-0.8320795292211889,1.7061832302246747,0.30290326542505125,325.54324982094147,0.0
B,D2,5,2320,0.02103542021790505,-0.42778369114877346,2.379067585992812,0.27644071761247624,220.82429474755196,0.000646465173673505
B,D2,6,2320,0.36033890923440715,-0.6744159012242411,1.189406207998187,0.4098641581043681,240.52991952364664,0.17428059056200595
B,D2,7,2320,0.00012340980408667956,-0.11714259088516363,1.7981794509413567,0.33718307547210263,224.41546165792585,0.0
B,D2,8,2320,0.00012340980408667956,-0.28872068541967233,2.025777304252131,0.4493146315801518,331.6318851511407,0.0
B,D2,9,2320,0.26122522731053766,-0.5483667305600927,1.3694824480151955,0.49410324180927506,220.05348925121055,0.08036493219694307
B,D2,10,2320,0.04998601152322328,-0.5677678574228394,2.106322529934835,0.4031078115689707,265.61066001393414,0.00381399431734053
B,D2,11,2320,0.00012340980408667956,-0.8335448242780581,3.377464456971112,0.23794977265549197,265.51665620619826,0.0
B,D2,12,2320,0.2900019391444916,-0.5896356508861593,1.6368165063964482,0.5615978176569164,264.8486610173637,0.11936462891935662
B,D2,13,2320,0.00012340980408667956,-0.9677466397881904,1.7559433193726897,0.35037300634806573,214.76794808359995,0.0
B,D2,14,2320,0.12133980385511997,-0.7196400290911134,1.757432988075983,0.41503677449346493,266.53105052374,0.019518504093582578
B,D2,15,2320,0.02919425563345485,-0.9067232698753871,3.987409635727795,0.19932881924557702,269.0346061974331,0.0014185601775693613
B,D2,16,2320,0.00012340980408667956,-0.4033651051966697,2.9943096824851434,0.2117805671083363,289.59553221419714,0.0
B,D2,17,2320,0.32098395271667035,-0.8095518283701131,1.9250906202192102,0.2508802810394406,301.3855547446109,0.1470737630727399
B,D2,18,2320,0.00012340980408667956,-0.7978785710127609,1.9033782342527599,0.4945109268091312,308.348400251371,0.0
B,D2,19,2320,0.17808447984512907,-0.8784218226150706,2.6029424243665353,0.33307965006170825,228.2745094777759,0.04786634941609691
B,D2,20,2320,0.00012340980408667956,-0.47357696215483036,3.2856998734291194,0.3677263149389631,226.22875091468183,0.0
B,D2,21,2320,0.00012340980408667956,-0.3257408449099999,3.1129869313959126,0.3494199114056807,247.97348072115125,0.0
B,D2,22,2320,0.00012340980408667956,-0.3100966705581248,1.8018168110271207,0.2210574065142437,217.06657071914861,0.0
B,D2,23,2320,0.00012340980408667956,-0.6359000370953645,1.6965372629460715,0.4589695752332984,233.02055923027928,0.0
B,D2,24,2320,0.3819439955951905,-0.638414433821624,1.2652585788689492,0.2657331780515696,276.57051942410044,0.13084333394476744
B,D2,25,2320,0.07126038326971638,-0.5393117897596882,2.2191769508826322,0.4201456307242512,265.7921246255245,0.00961213458685961
B,D2,26,2320,0.00012340980408667956,-0.4725951517999848,1.7029100390633656,0.4686691700577663,250.707871164942,0.0
B,D2,27,2320,0.02670269967613301,-0.8178564791275109,1.7305797736391568,0.3833214656133361,237.5482514218529,0.0008799361808655703
B,D2,28,2320,0.07373680187974405,-0.6080512052242805,1.660763397221265,0.40959253805522866,290.6270065248284,0.0062395894633482385
B,D2,29,2320,0.00012340980408667956,-0.5769446856209259,2.3641917013334903,0.379863133129472,255.21596027675162,0.0
B,D2,30,2320,0.3059128097920578,-0.5673130932761099,2.1424857178540613,0.3038480022568484,255.6776485885646,0.15809538542276869
B,D2,31,2320,0.021844012783977747,-0.6220638570466944,2.666106601335996,0.2356600572404209,291.7665482837209,0.0006428249255350238
B,D2,32,2320,0.24240388655423914,-0.7127449807561175,2.606946582108336,0.3443624197104982,223.75550441749976,0.12104022022640493
B,D2,33,2320,0.16685693215164493,-0.4269036240830445,1.879530950253584,0.3867785669651732,216.45675439743783,0.036677167888939266
B,D2,34,2320,0.00012340980408667956,-0.6550491894265829,2.1040340895901726,0.3406269888661496,266.8756028461304,0.0
B,D2,35,2320,0.00012340980408667956,-0.7015593068101018,2.32918597391064,0.4086585534982153,342.3127559135048,0.0
B,D2,36,2320,0.00012340980408667956,-0.5305937756278054,1.9553065602700255,0.4124552639442511,247.70108188921188,0.0
B,D2,37,2320,0.139841291055668,-0.9965771172921389,1.9594389622832658,0.3310740142641504,207.1876241133677,0.03146680488629272
B,D2,38,2320,0.00012340980408667956,-0.5714166901582387,2.0778795166697255,0.32590232946577824,227.89732541797366,0.0
B,D2,39,2320,0.022606257867320897,-0.7756956625719426,2.203030864757594,0.5663413712897329,228.70128184670517,0.0007283343354629324
