contrast,param,estimate,lo,hi,lo_unpaired,hi_unpaired,excludes_0,resid_corr
Qwen base -> instruct (fewshot),alpha,-0.27273489140539886,-0.38254519617635335,-0.15477076270683282,-0.4274106697007252,-0.09591641405435611,True,0.5173800842047798
Qwen base -> instruct (fewshot),lambda,38.88219296840015,17.436722631938576,185.18898952205205,17.465999646329493,185.22632032261473,True,0.5173800842047798
Qwen base -> instruct (fewshot),gamma,1.178466069752464,0.6287473393754647,2.1461811350616453,0.49466280184745115,2.162423272370175,True,0.5173800842047798
Qwen base -> instruct (fewshot),c,-1.079606125338889,-1.4839581518440186,0.018772610796673455,-1.5400499956745566,0.03583871997012171,False,0.5173800842047798
Llama base -> instruct (fewshot),alpha,0.10696280540543546,-0.05700985415047627,0.30792378779884716,-0.10171850456630664,0.3528732002603935,False,0.04183629550410869
Llama base -> instruct (fewshot),lambda,0.0,-0.27909542732583464,0.2596328295893431,-0.3938673986292147,0.33151213783762773,False,0.04183629550410869
Llama base -> instruct (fewshot),gamma,1.184904770142989,0.01824100004077564,3.2869910635298965,-0.005552675765402816,3.1971133357022232,True,0.04183629550410869
Llama base -> instruct (fewshot),c,-1.0552585570225803,-1.1305812497994516,-0.9372781149085366,-1.1409089136750317,-0.9235169810843668,True,0.04183629550410869
OLMo base -> SFT,alpha,0.016444058061236277,-0.24745740450135,0.21716131608448738,-0.3630988345111536,0.3205551461924042,False,0.6216192031766015
OLMo base -> SFT,lambda,0.0,-0.06202291518640288,0.5257926598215585,-0.26002663273415993,0.6957274419671445,False,0.6216192031766015
OLMo base -> SFT,gamma,0.5990691719456183,-0.2566567970090559,5.090679342520095,-0.5078288706485181,5.279256265091817,False,0.6216192031766015
OLMo base -> SFT,c,-1.5671741830981227,-1.5495120811597691,-1.3033982025642776,-1.639803033786024,-1.2592744658550845,True,0.6216192031766015
OLMo SFT -> DPO,alpha,-0.06238438206782898,-0.14635253441324822,0.06270106265815875,-0.4364101509782209,0.3618043099731167,False,0.9561234259632967
OLMo SFT -> DPO,lambda,0.0,-0.1161712704950093,0.10263569480534998,-0.6946432152975108,0.5658949315025852,False,0.9561234259632967
OLMo SFT -> DPO,gamma,0.09858837792473896,-1.2359819363901938,0.7229021702379694,-5.581098256015719,2.8778885739688445,False,0.9561234259632967
OLMo SFT -> DPO,c,-0.22344720858014133,-0.1701132817863245,-0.05005785660890923,-0.33428967742000804,0.11599843267685207,True,0.9561234259632967
OLMo DPO -> Instruct,alpha,-0.011702105769964555,-0.05668674802597483,0.053664992695786326,-0.333430182379224,0.35548454977794747,False,0.9664128879084373
OLMo DPO -> Instruct,lambda,0.0,-0.046163437432849376,0.06559406612846327,-0.5447795119652082,0.5474582672872742,False,0.9664128879084373
OLMo DPO -> Instruct,gamma,-0.2531797099483737,-1.5566295242707004,-0.013827640986827339,-3.117873810608138,1.244262273561491,True,0.9664128879084373
OLMo DPO -> Instruct,c,-0.28207738078089606,-0.2566889588486035,-0.15053718204249186,-0.4942346662894891,0.0950940161562244,True,0.9664128879084373
OLMo base -> Instruct,alpha,-0.05764242977655726,-0.24059078144533916,0.09097044821808949,-0.3424150970538507,0.20546371156554344,False,0.4903567874881187
OLMo base -> Instruct,lambda,0.0,-0.08493965580183464,0.46872593809588464,-0.26002663273415993,0.6273925666868722,False,0.4903567874881187
OLMo base -> Instruct,gamma,0.44447783992198353,-0.28219347726032135,1.944139710311774,-0.49983764203524234,2.001896275627512,False,0.4903567874881187
OLMo base -> Instruct,c,-2.07269877245916,-1.9443922656347332,-1.5693228642684252,-2.0364039437190367,-1.4864161817884125,True,0.4903567874881187
