subject,param,mle,profile_cal,profile_lo,profile_hi,boot_lo,boot_hi,edge_share,width_ratio
qwen-base,alpha,0.03327341540272907,cluster,6.144174602214718e-06,0.1576490975216921,6.144174602214718e-06,0.1338097288962026,0.265,0.8487761861895518
qwen-base,lambda,0.994177793380377,cluster,0.9305651541811276,1.0525565006022568,0.9530791982230061,1.046042341015285,0.0,0.7620470264452911
qwen-base,gamma,0.11830020510336385,cluster,0.0183156388887341,0.2587641368332569,0.0544957733640535,0.2278523265629338,0.0,0.7209716620433113
qwen-inst,alpha,0.13459612375430002,quasi,6.144174602214718e-06,0.2659448743710703,0.023890337508019572,0.2162612244122207,0.0075,0.7233654412130301
qwen-inst,lambda,20.280135688288855,quasi,3.584071043829102,8103.083927575384,6.798623395775744,167.32085860374767,0.005,0.01981878363495796
qwen-inst,gamma,1.1039176559964032,quasi,0.7581399618194596,1.494331062903242,1.0250190557878816,1.362601786559688,0.0,0.4585531260495198
qwen-inst-chat,alpha,0.33240260625207574,quasi,0.2412825799311999,0.4105692534094894,0.29476504958373567,0.4355994908693609,0.0,0.8319286946334071
qwen-inst-chat,lambda,0.00012340980408667956,quasi,0.0001234098040866,0.0362612662024122,0.00012340980408667956,0.12961964208038648,0.8325,3.583395507717493
qwen-inst-chat,gamma,1.28907700259527,quasi,1.1262534159099766,1.4912236940781796,1.1071012570315435,1.463522535932077,0.0,0.9765761768038286
llama-base,alpha,0.22673729763357559,quasi,0.1299776388007008,0.3139703115371672,6.144174602214718e-06,0.40140451891560636,0.0325,2.1815997820518045
llama-base,lambda,0.00012340980408667956,quasi,0.0001234098040866,0.1370541084093605,0.00012340980408667956,0.17295274177825262,0.5325,1.2621664369972725
llama-base,gamma,1.4595766239532362,quasi,1.2218149173266866,1.779750404681414,1.1827405742274784,1.9797280213106618,0.0,1.428458065755674
llama-inst,alpha,0.12495137687486196,cluster,6.144174602214718e-06,0.2581801599155993,6.144174602214718e-06,0.2292117445941096,0.055,0.8877950004443859
llama-inst,lambda,1.1950870688557436,cluster,1.1081319959182678,1.2769694129642324,1.1165263451176926,1.2899272905887778,0.0,1.0270291295908551
llama-inst,gamma,0.46386626498248135,cluster,0.2727275391071964,0.6058037716086538,0.35359073530691904,0.5682407168367498,0.0,0.6444470081751976
llama-inst-chat,alpha,0.9999938558253978,quasi,0.8917908659313291,0.9999938558253978,0.9096426798668398,0.9999938558253978,0.8375,0.8350155208004165
llama-inst-chat,lambda,3.3305038885931038,quasi,2.069851785952651,5.64333046657679,2.2614208363137855,4.055548255299454,0.0,0.5020674752346105
llama-inst-chat,gamma,2.3057417651909766,quasi,1.651375949922238,3.927157467309245,1.4912119380498259,2.4376306718931167,0.0,0.4158653748668915
olmo-base,alpha,0.9999938558253978,quasi,0.986319709015771,0.9999938558253978,0.8700212182891286,0.9999938558253978,0.4525,9.504990647370189
olmo-base,lambda,0.00012340980408667956,quasi,0.0001234098040866,0.0315939533855511,0.00012340980408667956,0.524476701588261,0.4525,16.661717025218707
olmo-base,gamma,1.8387090422582477,quasi,1.6542601103149894,2.0714776820147813,1.323816810013882,2.579305968915791,0.0,3.0091953073474422
olmo-sft,alpha,0.061214732903256235,cluster,6.144174602214718e-06,0.2249731519918005,6.144174602214718e-06,0.1992038774813456,0.3225,0.8854530948316018
olmo-sft,lambda,1.1420337147843425,cluster,1.012420572795161,1.2610669399203638,1.058155029648435,1.2627327659467849,0.0,0.8227658367328458
olmo-sft,gamma,0.3783232983376053,cluster,0.1701217210374071,0.5744995189074356,0.26966089005624294,0.5537542981588067,0.0,0.7025445254387447
olmo-dpo,alpha,0.042149135163552016,cluster,6.144174602214718e-06,0.2024445667887707,6.144174602214718e-06,0.18068917421694344,0.405,0.8925332834997864
olmo-dpo,lambda,1.0806625939322636,cluster,0.9582611538490562,1.1943941531308588,0.9926439930920563,1.195067031393506,0.0,0.8572416346597819
olmo-dpo,gamma,0.4184976975708916,cluster,0.2431482598385932,0.6021345755503855,0.359606028405762,0.6162475414427896,0.0,0.7149061170428264
olmo-inst,alpha,0.03481460743330248,cluster,6.144174602214718e-06,0.1809078191843918,6.144174602214718e-06,0.15966341543501097,0.44,0.8825638084985604
olmo-inst,lambda,1.0570461250892995,cluster,0.9482544364009764,1.1610133123510158,0.9917382235129745,1.1689615570100662,0.0,0.8329773914518509
olmo-inst,gamma,0.3492113535378031,cluster,0.1968632585720471,0.5172397684101849,0.31079789377993094,0.5302602265223806,0.0,0.6850138072024302
olmo-inst-chat,alpha,0.018983356070171233,cluster,6.144174602214718e-06,0.0597188994658891,6.144174602214718e-06,0.051575433841832406,0.1675,0.8636226785327228
olmo-inst-chat,lambda,1.3693793311338718,cluster,1.3367581170703648,1.4018416554878934,1.33949891233529,1.406499624910389,0.0,1.0294571285487142
olmo-inst-chat,gamma,0.15769174809841807,cluster,0.1102806052991285,0.2058854804453437,0.1312962694722504,0.19816996631473147,0.0,0.6994799871890055
