subject,param,mle,lo,hi,boot_median,edge_share,B
qwen-base,alpha,0.03327341540272907,6.144174602214718e-06,0.1338097288962026,0.03170298387415621,0.265,400
qwen-base,lambda,0.994177793380377,0.9530791982230061,1.046042341015285,0.9982063069182154,0.0,400
qwen-base,gamma,0.11830020510336385,0.0544957733640535,0.2278523265629338,0.13220949485725908,0.0,400
qwen-inst,alpha,0.13459612375430002,0.023890337508019572,0.2162612244122207,0.12972830749311665,0.0075,400
qwen-inst,lambda,20.280135688288855,6.798623395775744,167.32085860374767,21.918147704995462,0.005,400
qwen-inst,gamma,1.1039176559964032,1.0250190557878816,1.362601786559688,1.1842208848010214,0.0,400
qwen-inst-chat,alpha,0.33240260625207574,0.29476504958373567,0.4355994908693609,0.3645194001445014,0.0,400
qwen-inst-chat,lambda,0.00012340980408667956,0.00012340980408667956,0.12961964208038648,0.00012340980408667956,0.8325,400
qwen-inst-chat,gamma,1.28907700259527,1.1071012570315435,1.463522535932077,1.2536430734788442,0.0,400
llama-base,alpha,0.22673729763357559,6.144174602214718e-06,0.40140451891560636,0.23954282911172692,0.0325,400
llama-base,lambda,0.00012340980408667956,0.00012340980408667956,0.17295274177825262,0.00012340980408667956,0.5325,400
llama-base,gamma,1.4595766239532362,1.1827405742274784,1.9797280213106618,1.4443770762455206,0.0,400
llama-inst,alpha,0.12495137687486196,6.144174602214718e-06,0.2292117445941096,0.12189619076548985,0.055,400
llama-inst,lambda,1.1950870688557436,1.1165263451176926,1.2899272905887778,1.1985610637127637,0.0,400
llama-inst,gamma,0.46386626498248135,0.35359073530691904,0.5682407168367498,0.46606783218626546,0.0,400
llama-inst-chat,alpha,0.9999938558253978,0.9096426798668398,0.9999938558253978,0.9999938558253978,0.8375,400
llama-inst-chat,lambda,3.3305038885931038,2.2614208363137855,4.055548255299454,3.2071184501677052,0.0,400
llama-inst-chat,gamma,2.3057417651909766,1.4912119380498259,2.4376306718931167,2.0277519316924897,0.0,400
olmo-base,alpha,0.9999938558253978,0.8700212182891286,0.9999938558253978,0.9899324220230644,0.4525,400
olmo-base,lambda,0.00012340980408667956,0.00012340980408667956,0.524476701588261,0.019710756688533122,0.4525,400
olmo-base,gamma,1.8387090422582477,1.323816810013882,2.579305968915791,1.8082850291578962,0.0,400
olmo-sft,alpha,0.061214732903256235,6.144174602214718e-06,0.1992038774813456,0.049340321840537965,0.3225,400
olmo-sft,lambda,1.1420337147843425,1.058155029648435,1.2627327659467849,1.1595889325841562,0.0,400
olmo-sft,gamma,0.3783232983376053,0.26966089005624294,0.5537542981588067,0.4201009747599628,0.0,400
olmo-dpo,alpha,0.042149135163552016,6.144174602214718e-06,0.18068917421694344,0.04401664452803879,0.405,400
olmo-dpo,lambda,1.0806625939322636,0.9926439930920563,1.195067031393506,1.0966627387944996,0.0,400
olmo-dpo,gamma,0.4184976975708916,0.359606028405762,0.6162475414427896,0.49961236528447117,0.0,400
olmo-inst,alpha,0.03481460743330248,6.144174602214718e-06,0.15966341543501097,0.030718877940032988,0.44,400
olmo-inst,lambda,1.0570461250892995,0.9917382235129745,1.1689615570100662,1.0799862635360142,0.0,400
olmo-inst,gamma,0.3492113535378031,0.31079789377993094,0.5302602265223806,0.42628411310962544,0.0,400
olmo-inst-chat,alpha,0.018983356070171233,6.144174602214718e-06,0.051575433841832406,0.017493949985500423,0.1675,400
olmo-inst-chat,lambda,1.3693793311338718,1.33949891233529,1.406499624910389,1.3743330381298309,0.0,400
olmo-inst-chat,gamma,0.15769174809841807,0.1312962694722504,0.19816996631473147,0.16207369593034207,0.0,400
