instrument,trial_id,gamble_id,frame,anchor,sure,hi,p,ev_ratio,template_id,safe_first,gamble_letter,model,fmt,induce,reason,p_gamble,ab_mass,excluded,reason_ended,reasoning,note
p1,247,24,risk,0,168,214,0.76,0.9681,3,False,A,Qwen/Qwen2.5-7B-Instruct,chat,riskneutral,1,0.0,1.0,0,answer,"Expected value of Payout A:
\[ 0.76 \times 214 + 0.24 \times 0 = 163.24 \]

Expected value of Payout B:
\[ 168 \]

Comparing the expected values:
- Payout A has an expected value of $163.24
- Payout B has an expected value of $168",massA=1.3e-10 massB=1
p1,267,26,risk,0,59,151,0.36,0.9214,3,False,A,Qwen/Qwen2.5-7B-Instruct,chat,riskneutral,1,0.0,1.0,0,answer,"Expected value of Payout A:
\[ 0.36 \times 151 + 0.64 \times 0 = 54.36 \]

Expected value of Payout B:
\[ 1 \times 59 = 59 \]

Since the expected value of Payout B ($59) is greater than the expected value of Payout A ($54.36), the rational choice for a risk-neutral expected-value maximizer would be Payout B.",massA=9.64e-11 massB=1
p1,265,26,risk,0,59,151,0.36,0.9214,2,False,A,Qwen/Qwen2.5-7B-Instruct,chat,riskneutral,1,0.0,1.0,0,answer,"First, we calculate the expected dollar value for each alternative.

For Alternative A:
- There is a 36% probability of receiving $151.
- There is a 64% probability of receiving $0.

The expected dollar value for Alternative A is calculated as follows:
\[ \text{Expected Value}_A = (0.36 \times 151) + (0.64 \times 0) \]
\[ \text{Expected Value}_A = 54.36 + 0 \]
\[ \text{Expected Value}_A = 54.36 \]

For Alternative B:
- There is a 100% probability of receiving $59.

The expected dollar value for Alternative B is simply:
\[ \text{Expected Value}_B = 59 \]

Comparing the two expected values:
- Expected Value of Alternative A: $54.36
- Expected Value of Alternative B: $59

Since $59 is greater than $54.36, the option with the higher expected dollar value is Alternative B.",massA=1.07e-09 massB=1
p1,245,24,risk,0,168,214,0.76,0.9681,2,False,A,Qwen/Qwen2.5-7B-Instruct,chat,riskneutral,1,0.0,1.0,0,answer,"First, calculate the expected dollar value for Alternative A:
- The expected value is given by the sum of each outcome multiplied by its probability.
- For Alternative A: \(0.76 \times 214 + 0.24 \times 0 = 163.44\).

The expected dollar value for Alternative A is $163.44.

For Alternative B, the value is certain:
- The expected value is simply the amount received, which is $168.

Comparing the two:
- Alternative A has an expected value of $163.44.
- Alternative B has a certain value of $168.

Since we are risk-neutral and maximizing expected value, we choose the option with the higher expected dollar value.",massA=5.72e-10 massB=1
p1,241,24,risk,0,168,214,0.76,0.9681,0,False,A,Qwen/Qwen2.5-7B-Instruct,chat,riskneutral,1,0.0,1.0,0,answer,"Option A expected value = $214 * 0.76 + $0 * 0.24 = $163.04

Option B expected value = $168 * 1 = $168

Since $168 > $163.04, Option B has the higher expected dollar value.",massA=1.39e-09 massB=1
p1,260,26,risk,0,59,151,0.36,0.9214,0,True,B,Qwen/Qwen2.5-7B-Instruct,chat,riskneutral,1,0.0,1.0,0,answer,"Option A provides a certain payment of $59.
Option B offers a 36% chance to win $151 and a 64% chance to win nothing.

Expected value of Option A:
\[ \$59 \times 1 = \$59 \]

Expected value of Option B:
\[ \$151 \times 0.36 + \$0 \times 0.64 = \$54.36 \]

Comparing the expected values:
- Option A: \$59
- Option B: \$54.36",massA=1 massB=2.05e-08
p1,264,26,risk,0,59,151,0.36,0.9214,2,True,B,Qwen/Qwen2.5-7B-Instruct,chat,riskneutral,1,0.0,1.0,0,answer,"To determine which alternative has the higher expected dollar value, we need to calculate the expected value for each option.

For Alternative A:
- The payoff is $59 with certainty.
- Therefore, the expected value is \( \$59 \times 1 = \$59 \).

For Alternative B:
- There is a 36% probability of receiving $151.
- There is a 64% probability of receiving $0.
- The expected value is calculated as follows:
  \[
  \text{Expected Value} = (0.36 \times \$151) + (0.64 \times \$0) = \$54.36 + \$0 = \$54.36
  \]

Comparing the two expected values:
- Alternative A: \$59
- Alternative B: \$54.36

Since \$59 is greater than \$54.36, the expected value of Alternative A is higher.",massA=1 massB=6.76e-09
p1,261,26,risk,0,59,151,0.36,0.9214,0,False,A,Qwen/Qwen2.5-7B-Instruct,chat,riskneutral,1,0.0,1.0,0,answer,"Option A expected value = $151 * 0.36 + $0 * 0.64 = $54.36
Option B expected value = $59 * 1 = $59",massA=3.29e-09 massB=1
p1,262,26,risk,0,59,151,0.36,0.9214,1,True,B,Qwen/Qwen2.5-7B-Instruct,chat,riskneutral,1,0.0,1.0,0,answer,"First, we calculate the expected dollar value for each offer.

For Offer A:
- The payoff is $59 with certainty.
- Therefore, the expected value is \(59 \times 1 = 59\) dollars.

For Offer B:
- There is a 36% probability of receiving $151.
- There is a 64% probability of receiving $0.
- The expected value is calculated as \(0.36 \times 151 + 0.64 \times 0 = 54.36\) dollars.

Comparing the two expected values:
- Offer A has an expected value of $59.
- Offer B has an expected value of $54.36.

Since $59 > $54.36, the expected value of Offer A is higher.",massA=1 massB=8.54e-09
p1,263,26,risk,0,59,151,0.36,0.9214,1,False,A,Qwen/Qwen2.5-7B-Instruct,chat,riskneutral,1,0.0,1.0,0,answer,"First, calculate the expected dollar value for Offer A:
- The expected value is calculated as the sum of each outcome multiplied by its probability.
- For Offer A: \(0.36 \times 151 + 0.64 \times 0 = 54.36\).

The expected dollar value for Offer A is $54.36.

For Offer B, since the outcome is certain:
- The expected value is simply the amount received, which is $59.

Comparing the two:
- Offer A has an expected value of $54.36.
- Offer B has an expected value of $59.

Since Offer B has a higher expected dollar value, you would choose Offer B.",massA=3.42e-10 massB=1
p1,243,24,risk,0,168,214,0.76,0.9681,1,False,A,Qwen/Qwen2.5-7B-Instruct,chat,riskneutral,1,0.0,1.0,0,answer,"First, calculate the expected dollar value for Offer A:
- The expected value is given by the sum of each outcome multiplied by its probability.
- For Offer A: \(0.76 \times 214 + 0.24 \times 0 = 163.44\).

The expected dollar value for Offer A is $163.44.

For Offer B, the value is certain:
- The expected value is simply the amount received, which is $168.

Comparing the two:
- Offer A has an expected value of $163.44.
- Offer B has a certain value of $168.

Since Offer B has a higher expected dollar value, you would choose Offer B.",massA=6.09e-10 massB=1
p1,244,24,risk,0,168,214,0.76,0.9681,2,True,B,Qwen/Qwen2.5-7B-Instruct,chat,riskneutral,1,0.0,1.0,0,answer,"First, let's calculate the expected dollar value for each alternative.

For Alternative A:
- The payoff is $168 with certainty.
- Therefore, the expected value is \(168 \times 1 = 168\) dollars.

For Alternative B:
- There is a 76% probability of receiving $214.
- There is a 24% probability of receiving $0.
- The expected value is calculated as follows:
  \[
  214 \times 0.76 + 0 \times 0.24 = 163.44 \text{ dollars}
  \]

Comparing the two expected values:
- Alternative A has an expected value of $168.
- Alternative B has an expected value of $163.44.

Since we are risk-neutral and maximizing expected value, we choose the option with the higher expected dollar value.",massA=1 massB=5.32e-08
p1,240,24,risk,0,168,214,0.76,0.9681,0,True,B,Qwen/Qwen2.5-7B-Instruct,chat,riskneutral,1,0.0,1.0,0,answer,"Option A provides a certain payment of $168.
Option B offers a 76% chance to receive $214 and a 24% chance to receive $0.

To calculate the expected value for Option B:
\[ \text{Expected Value} = (0.76 \times 214) + (0.24 \times 0) = 162.64 + 0 = 162.64 \]

Comparing the two options:
- Option A: $168
- Option B: $162.64",massA=1 massB=2.14e-07
p1,242,24,risk,0,168,214,0.76,0.9681,1,True,B,Qwen/Qwen2.5-7B-Instruct,chat,riskneutral,1,0.0,1.0,0,answer,"First, we calculate the expected dollar value for Offer B:

- The expected value is calculated as the sum of each possible outcome multiplied by its probability.
- For Offer B, this is \(214 \times 0.76 + 0 \times 0.24\).

Let's compute this:

\[214 \times 0.76 = 162.64\]

So, the expected dollar value for Offer B is $162.64.

Offer A provides a certain $168.

Comparing the two:
- Offer A: $168
- Offer B: $162.64

Since $168 is greater than $162.64, the higher expected dollar value is from Offer A.",massA=1 massB=1.43e-08
p1,249,24,risk,0,168,214,0.76,0.9681,4,False,A,Qwen/Qwen2.5-7B-Instruct,chat,riskneutral,1,0.0,1.0,0,answer,"To determine which deal to take, we need to calculate the expected dollar value for each deal.

For Deal A:
- The expected value is calculated as: \( \$214 \times 0.76 + \$0 \times 0.24 \)
- This simplifies to: \( \$214 \times 0.76 = \$163.04 \)

For Deal B:
- The expected value is simply the amount received since it is certain: \( \$168 \)

Comparing the two expected values:
- Deal A has an expected value of \$163.04
- Deal B has an expected value of \$168

Since Deal B has a higher expected dollar value, the optimal choice is",massA=9.09e-09 massB=1
p1,266,26,risk,0,59,151,0.36,0.9214,3,True,B,Qwen/Qwen2.5-7B-Instruct,chat,riskneutral,1,0.0,1.0,0,answer,"Expected value of Payout A:
\[ \$59 \times 1 = \$59 \]

Expected value of Payout B:
\[ \$151 \times 0.36 + \$0 \times 0.64 = \$54.36 \]

Comparing the expected values:
- Payout A: \$59
- Payout B: \$54.36",massA=1 massB=5.78e-09
p1,268,26,risk,0,59,151,0.36,0.9214,4,True,B,Qwen/Qwen2.5-7B-Instruct,chat,riskneutral,1,0.0,1.0,0,answer,"To determine which deal to take, we need to calculate the expected dollar value for each deal.

For Deal A:
- The payoff is $59 with certainty.
- Therefore, the expected value is \(59 \times 1 = 59\) dollars.

For Deal B:
- There is a 36% probability of receiving $151.
- There is a 64% probability of receiving $0.
- The expected value is calculated as follows:
  \[
  0.36 \times 151 + 0.64 \times 0 = 54.36 + 0 = 54.36 \text{ dollars}
  \]

Comparing the expected values:
- Deal A has an expected value of $59.
- Deal B has an expected value of $54.36.

Since $59 > $54.36, the expected value of Deal A is higher.",massA=1 massB=9.09e-09
p1,248,24,risk,0,168,214,0.76,0.9681,4,True,B,Qwen/Qwen2.5-7B-Instruct,chat,riskneutral,1,0.0,1.0,0,answer,"First, let's calculate the expected dollar value for each deal.

For Deal A:
- The payoff is $168 with certainty.
- Therefore, the expected value is \(168 \times 1 = 168\) dollars.

For Deal B:
- There is a 76% chance of receiving $214.
- There is a 24% chance of receiving $0.
- The expected value is calculated as follows:
  \[
  214 \times 0.76 + 0 \times 0.24 = 163.44 \text{ dollars}
  \]

Comparing the expected values:
- Deal A has an expected value of $168.
- Deal B has an expected value of $163.44.

Since $168 > $163.44, the expected value of Deal A is higher.",massA=1 massB=1.11e-08
p1,246,24,risk,0,168,214,0.76,0.9681,3,True,B,Qwen/Qwen2.5-7B-Instruct,chat,riskneutral,1,0.0,1.0,0,answer,"Expected value of Payout A:
\[ \$168 \times 1 = \$168 \]

Expected value of Payout B:
\[ \$214 \times 0.76 + \$0 \times 0.24 = \$162.64 \]

Comparing the expected values:
- Payout A: \$168
- Payout B: \$162.64",massA=1 massB=1.13e-08
p1,269,26,risk,0,59,151,0.36,0.9214,4,False,A,Qwen/Qwen2.5-7B-Instruct,chat,riskneutral,1,0.0,1.0,0,answer,"To determine which deal to take, we need to calculate the expected dollar value for each deal.

For Deal A:
- The expected value is calculated as the sum of the products of each outcome and its probability.
- Expected Value (EV) = ($151 * 0.36) + ($0 * 0.64)
- EV = $54.36 + $0
- EV = $54.36

For Deal B:
- Since the outcome is certain, the expected value is simply the amount received.
- Expected Value (EV) = $59

Comparing the expected values:
- Deal A: $54.36
- Deal B: $59

Since Deal B has a higher expected dollar value, the optimal choice is Deal B.",massA=6.49e-10 massB=1
p2,496,16,gain,0,139,234,0.6,1.0101,3,True,B,Qwen/Qwen2.5-7B-Instruct,chat,riskneutral,1,1.0,1.0,0,answer,"Expected value of Outcome A:
\[ \$139 \times 1 = \$139 \]

Expected value of Outcome B:
\[ 0.6 \times \$234 + 0.4 \times \$0 = \$140.4 \]

Since the expected value of Outcome B (\$140.4) is greater than the expected value of Outcome A (\$139), choose Outcome B.",massA=1.78e-11 massB=1
p2,69,2,neutral,0,162,661,0.26,1.0609,4,False,A,Qwen/Qwen2.5-7B-Instruct,chat,riskneutral,1,1.0,1.0,0,answer,"To determine which term to choose, we need to calculate the expected dollar value for each term.

For Term A:
- The expected value is calculated as: \( \$661 \times 0.26 + \$0 \times 0.74 \)
- This simplifies to: \( \$661 \times 0.26 = \$171.86 \)

For Term B:
- The expected value is simply the certain amount: \( \$162 \)

Comparing the two expected values:
- Term A has an expected value of \$171.86
- Term B has an expected value of \$162

Since \$171.86 > \$162, Term A has the higher expected dollar value.",massA=1 massB=4.27e-08
p2,485,16,neutral,0,139,234,0.6,1.0101,2,False,A,Qwen/Qwen2.5-7B-Instruct,chat,riskneutral,1,1.0,1.0,0,answer,"To determine which alternative has the higher expected dollar value, we need to calculate the expected value for each option.

For Alternative A:
- There is a 60% probability of receiving $234.
- There is a 40% probability of receiving $0.
The expected value \(E_A\) is calculated as follows:
\[ E_A = (0.60 \times 234) + (0.40 \times 0) = 140.40 + 0 = 140.40 \]

For Alternative B:
- The certain outcome is receiving $139.
The expected value \(E_B\) is simply:
\[ E_B = 139 \]

Comparing the two expected values:
- \(E_A = 140.40\)
- \(E_B = 139\)

Since \(140.40 > 139\), Alternative A has the higher expected dollar value.",massA=1 massB=1.43e-08
p2,503,16,mixed,139,139,234,0.6,1.0101,1,False,A,Qwen/Qwen2.5-7B-Instruct,chat,riskneutral,1,1.0,1.0,0,answer,"Arrangement A: The expected value is calculated as follows:
\[ 0.6 \times 234 + 0.4 \times 0 = 140.4 \]

Arrangement B: The expected value is simply the amount you keep, which is $139.

Comparing the two:
- Arrangement A has an expected value of $140.4
- Arrangement B has an expected value of $139",massA=1 massB=1.3e-07
p2,60,2,neutral,0,162,661,0.26,1.0609,0,True,B,Qwen/Qwen2.5-7B-Instruct,chat,riskneutral,1,1.0,1.0,0,answer,"Option A provides a certain payment of $162.
Option B offers a 26% chance to win $661 and a 74% chance to win $0.

Expected value of Option A:
\[ \text{EV}_A = 162 \]

Expected value of Option B:
\[ \text{EV}_B = 0.26 \times 661 + 0.74 \times 0 = 171.86 \]

Comparing the expected values:
\[ \text{EV}_A = 162 \]
\[ \text{EV}_B = 171.86 \]",massA=3.44e-11 massB=1
p2,493,16,gain,0,139,234,0.6,1.0101,1,False,A,Qwen/Qwen2.5-7B-Instruct,chat,riskneutral,1,1.0,1.0,0,answer,"To determine which arrangement has the higher expected dollar value, we need to calculate the expected value for each option.

For Arrangement A:
- There is a 60% chance to gain $234.
- There is a 40% chance to gain $0.

The expected value \(E_A\) for Arrangement A is calculated as follows:
\[ E_A = (0.60 \times 234) + (0.40 \times 0) = 140.40 \]

For Arrangement B:
- There is a 100% chance to gain $139.

The expected value \(E_B\) for Arrangement B is simply:
\[ E_B = 139 \]

Comparing the two expected values:
- \(E_A = 140.40\)
- \(E_B = 139\)

Since \(140.40 > 139\), the expected value of Arrangement A is higher.",massA=1 massB=7.27e-08
p2,480,16,neutral,0,139,234,0.6,1.0101,0,True,B,Qwen/Qwen2.5-7B-Instruct,chat,riskneutral,1,1.0,1.0,0,answer,"Option A provides a certain payment of $139.
Option B offers a 60% chance to receive $234 and a 40% chance to receive $0.

Expected value of Option A:
\[ \$139 \times 1 = \$139 \]

Expected value of Option B:
\[ \$234 \times 0.6 + \$0 \times 0.4 = \$140.4 \]

Since the expected value of Option B ($140.4) is greater than the expected value of Option A ($139), I will choose Option B.",massA=1.81e-11 massB=1
p2,70,2,gain,0,162,661,0.26,1.0609,0,True,B,Qwen/Qwen2.5-7B-Instruct,chat,riskneutral,1,1.0,1.0,0,answer,"Option A provides a certain gain of $162. The expected value for this option is simply $162 since there is no uncertainty.

For Option B, we calculate the expected value as follows:
\[ \text{Expected Value} = (0.26 \times \$661) + (0.74 \times \$0) = \$171.86 \]

Comparing the two options:
- Option A: $162
- Option B: $171.86",massA=3.47e-10 massB=1
p2,80,2,mixed,162,162,661,0.26,1.0609,0,True,B,Qwen/Qwen2.5-7B-Instruct,chat,riskneutral,1,1.0,1.0,0,answer,"First, let's calculate the expected value for each option.

**Option A:** 
- You keep $162 with no change.
- Expected value = $162 * 1 = $162

**Option B:** 
- There is a 26% chance to rise to $661.
- There is a 74% chance to drop to $0.
- Expected value = (0.26 * $661) + (0.74 * $0) = $171.86

Comparing the expected values:
- Option A: $162
- Option B: $171.86

Since $171.86 > $162, the expected value of Option B is higher.",massA=3.33e-11 massB=1
p2,490,16,gain,0,139,234,0.6,1.0101,0,True,B,Qwen/Qwen2.5-7B-Instruct,chat,riskneutral,1,1.0,1.0,0,answer,"Option A provides a certain gain of $139. The expected value for this option is simply $139 since there is no uncertainty.

For Option B, we calculate the expected value as follows:
\[ \text{Expected Value} = (0.60 \times \$234) + (0.40 \times \$0) = \$140.40 \]

Comparing the two options:
- Option A: $139
- Option B: $140.40",massA=1.13e-10 massB=1
p2,492,16,gain,0,139,234,0.6,1.0101,1,True,B,Qwen/Qwen2.5-7B-Instruct,chat,riskneutral,1,1.0,1.0,0,answer,"Arrangement A offers a certain gain of $139. The expected value is simply $139 since there is no uncertainty.

Arrangement B offers a 60% chance to gain $234 and a 40% chance to gain nothing. The expected value is calculated as follows:
\[ 0.60 \times 234 + 0.40 \times 0 = 140.4 \]

Comparing the two expected values:
- Arrangement A: $139
- Arrangement B: $140.4

Since $140.4 > $139, the expected value of Arrangement B is higher.",massA=1.2e-10 massB=1
p2,88,2,mixed,162,162,661,0.26,1.0609,4,True,B,Qwen/Qwen2.5-7B-Instruct,chat,riskneutral,1,1.0,1.0,0,answer,"To determine which term to choose, we need to calculate the expected dollar value for both Term A and Term B.

**Term A:**
- Keep $162 with no change.
- Expected value = $162 * 1 = $162.

**Term B:**
- 26% chance to rise to $661.
- 74% chance to drop to $0.
- Expected value = (0.26 * $661) + (0.74 * $0) = $171.86.

Comparing the expected values:
- Term A: $162
- Term B: $171.86

Since $171.86 is greater than $162, Term B has the higher expected dollar value.",massA=1.86e-10 massB=1
p2,72,2,gain,0,162,661,0.26,1.0609,1,True,B,Qwen/Qwen2.5-7B-Instruct,chat,riskneutral,1,1.0,1.0,0,answer,"Arrangement A offers a certain gain of $162. The expected value is simply $162 since there is no uncertainty.

Arrangement B offers a 26% chance to gain $661 and a 74% chance to gain nothing. The expected value is calculated as follows:
\[ \text{Expected Value} = 0.26 \times 661 + 0.74 \times 0 = 171.86 \]

Comparing the two options:
- Arrangement A: $162
- Arrangement B: $171.86

Since $171.86 > $162, the expected value of Arrangement B is higher.",massA=2.5e-10 massB=1
p2,68,2,neutral,0,162,661,0.26,1.0609,4,True,B,Qwen/Qwen2.5-7B-Instruct,chat,riskneutral,1,1.0,1.0,0,answer,"To determine which term to choose, we need to calculate the expected dollar value for each term.

For Term A:
- The payoff is $162, and it is received with certainty.
- Expected value = $162 * 1 = $162

For Term B:
- There is a 26% probability of receiving $661 and a 74% probability of receiving $0.
- Expected value = ($661 * 0.26) + ($0 * 0.74) = $171.86

Comparing the expected values:
- Term A: $162
- Term B: $171.86

Since Term B has a higher expected dollar value, the choice is clear.",massA=1.01e-10 massB=1
p2,1232,16,dominant,0,139,190,1.0,1.3669,2,True,B,Qwen/Qwen2.5-7B-Instruct,chat,riskneutral,1,1.0,1.0,0,answer,"Both alternatives offer a guaranteed amount of money. Alternative A offers $139 for certain, while Alternative B offers $190 for certain. Since there is no risk involved and we are risk-neutral, we simply compare the dollar values.

- Expected value of Alternative A: $139
- Expected value of Alternative B: $190

Since $190 is greater than $139, the higher expected dollar value is from Alternative B.",massA=2.79e-10 massB=1
p2,66,2,neutral,0,162,661,0.26,1.0609,3,True,B,Qwen/Qwen2.5-7B-Instruct,chat,riskneutral,1,1.0,1.0,0,answer,"Expected value of Outcome A:
\[ \$162 \times 1 = \$162 \]

Expected value of Outcome B:
\[ \$661 \times 0.26 + \$0 \times 0.74 = \$171.86 \]

Since the expected value of Outcome B is higher than that of Outcome A, the choice should be Outcome B.",massA=6.26e-12 massB=1
p2,76,2,gain,0,162,661,0.26,1.0609,3,True,B,Qwen/Qwen2.5-7B-Instruct,chat,riskneutral,1,1.0,1.0,0,answer,"To determine the best choice, we need to calculate the expected dollar value for each outcome.

For Outcome A:
- It is a certain gain of $162.
- The expected value is simply $162 because there is no uncertainty.

For Outcome B:
- There is a 26% chance to gain $661 and a 74% chance to gain $0.
- The expected value is calculated as follows:
  \[
  \text{Expected Value} = (0.26 \times 661) + (0.74 \times 0) = 171.86 + 0 = 171.86
  \]

Comparing the two expected values:
- Outcome A: $162
- Outcome B: $171.86

Since $171.86 > $162, the expected value of Outcome B is higher.",massA=1.42e-10 massB=1
p2,1205,2,dominant,0,162,174,1.0,1.0741,4,False,A,Qwen/Qwen2.5-7B-Instruct,chat,riskneutral,1,1.0,1.0,0,answer,"Since both terms guarantee a certain payment, the expected value for each term is simply the amount offered. 

Term A offers $174.
Term B offers $162.

The expected dollar value for Term A is $174.
The expected dollar value for Term B is $162.",massA=1 massB=1.27e-09
p2,62,2,neutral,0,162,661,0.26,1.0609,1,True,B,Qwen/Qwen2.5-7B-Instruct,chat,riskneutral,1,1.0,1.0,0,answer,"First, we calculate the expected dollar value for each arrangement.

For Arrangement A:
- The payoff is $162 for certain.
- Therefore, the expected value is $162.

For Arrangement B:
- There is a 26% probability of receiving $661.
- There is a 74% probability of receiving $0.
- The expected value is calculated as: \(0.26 \times 661 + 0.74 \times 0 = 171.86\).

Comparing the two expected values:
- Arrangement A: $162
- Arrangement B: $171.86

Since $171.86 > $162, the expected dollar value of Arrangement B is higher.",massA=5.08e-11 massB=1
p2,64,2,neutral,0,162,661,0.26,1.0609,2,True,B,Qwen/Qwen2.5-7B-Instruct,chat,riskneutral,1,1.0,1.0,0,answer,"To determine which alternative has the higher expected dollar value, we need to calculate the expected value for each option.

For Alternative A:
- The payoff is $162 for certain.
- The expected value is simply $162 since it's guaranteed.

For Alternative B:
- There is a 26% probability of receiving $661.
- There is a 74% probability of receiving $0.
- The expected value is calculated as follows:
  \[
  \text{Expected Value} = (0.26 \times 661) + (0.74 \times 0) = 171.86 + 0 = 171.86
  \]

Comparing the two expected values:
- Alternative A: $162
- Alternative B: $171.86

Since $171.86 > $162, the expected value of Alternative B is higher.",massA=2.14e-10 massB=1
p2,509,16,mixed,139,139,234,0.6,1.0101,4,False,A,Qwen/Qwen2.5-7B-Instruct,chat,riskneutral,1,0.0,1.0,0,answer,"To determine which term to choose, we need to calculate the expected dollar value for each term.

For Term A:
- There is a 60% chance to rise to $234, which results in a gain of $95.
- There is a 40% chance to drop to $0, which results in a loss of $139.

The expected value for Term A is calculated as follows:
\[ \text{Expected Value (Term A)} = (0.60 \times 234) + (0.40 \times 0) - 139 \]
\[ \text{Expected Value (Term A)} = 140.4 - 139 = 1.4 \]

For Term B:
- You keep your $139 with no change.

The expected value for Term B is simply:
\[ \text{Expected Value (Term B)} = 139 \]

Comparing the two expected values:
- Term A: $1.4
- Term B: $139

Since $139 is greater than $1.4, the expected dollar value is higher for Term B.",massA=2.49e-09 massB=1
p2,83,2,mixed,162,162,661,0.26,1.0609,1,False,A,Qwen/Qwen2.5-7B-Instruct,chat,riskneutral,1,1.0,1.0,0,answer,"Arrangement A: The expected value is calculated as follows:
\[ 0.26 \times 661 + 0.74 \times 0 = 171.86 \]

Arrangement B: The expected value is simply the amount you keep, which is $162.

Comparing the two expected values:
- Arrangement A: $171.86
- Arrangement B: $162

Since $171.86 > $162, you should choose Arrangement A.",massA=1 massB=1.56e-07
p2,498,16,gain,0,139,234,0.6,1.0101,4,True,B,Qwen/Qwen2.5-7B-Instruct,chat,riskneutral,1,1.0,1.0,0,answer,"Term A provides a certain gain of $139. The expected value for Term A is simply $139 since there is no uncertainty.

For Term B, we calculate the expected value as follows:
\[ \text{Expected Value} = (0.60 \times \$234) + (0.40 \times \$0) = \$140.40 \]

Comparing the two options:
- Term A: $139
- Term B: $140.40

Since Term B has a higher expected dollar value, the optimal choice is Term B.",massA=1.59e-10 massB=1
p2,501,16,mixed,139,139,234,0.6,1.0101,0,False,A,Qwen/Qwen2.5-7B-Instruct,chat,riskneutral,1,0.0,1.0,0,answer,"First, we calculate the expected dollar value for each option.

For Option A:
- There is a 60% chance to rise to $234, which results in a gain of $95.
- There is a 40% chance to drop to $0, which results in a loss of $139.

The expected value \(E_A\) for Option A is calculated as follows:
\[ E_A = (0.60 \times 234) + (0.40 \times 0) - 139 \]
\[ E_A = 140.40 + 0 - 139 \]
\[ E_A = 1.40 \]

For Option B:
- You keep your $139 with no change.

The expected value \(E_B\) for Option B is simply:
\[ E_B = 139 \]

Comparing the expected values:
\[ E_A = 1.40 \]
\[ E_B = 139 \]

Since \(E_B > E_A\), the option with the higher expected dollar value is Option B.",massA=1.95e-10 massB=1
p2,86,2,mixed,162,162,661,0.26,1.0609,3,True,B,Qwen/Qwen2.5-7B-Instruct,chat,riskneutral,1,1.0,1.0,0,answer,"Expected value of Outcome A:
\[ \$162 \times 1 = \$162 \]

Expected value of Outcome B:
\[ \$661 \times 0.26 + \$0 \times 0.74 = \$171.86 \]

Since \$171.86 > \$162, the expected dollar value is higher for Outcome B.",massA=1.15e-11 massB=1
p2,500,16,mixed,139,139,234,0.6,1.0101,0,True,B,Qwen/Qwen2.5-7B-Instruct,chat,riskneutral,1,1.0,1.0,0,answer,"First, let's calculate the expected dollar value for each option.

**Option A:** 
- You keep your $139 with no change.
- Expected value = $139 * 1 = $139.

**Option B:** 
- There is a 60% chance to rise to $234, which is a gain of $95.
- There is a 40% chance to drop to $0, which is a loss of $139.
- Expected value = (0.60 * $234) + (0.40 * $0) = $140.40.

Comparing the expected values:
- Option A: $139
- Option B: $140.40

Since $140.40 > $139, the expected dollar value of Option B is higher.",massA=6.03e-11 massB=1
p2,486,16,neutral,0,139,234,0.6,1.0101,3,True,B,Qwen/Qwen2.5-7B-Instruct,chat,riskneutral,1,1.0,1.0,0,answer,"Expected value of Outcome A:
\[ \$139 \times 1 = \$139 \]

Expected value of Outcome B:
\[ \$234 \times 0.6 + \$0 \times 0.4 = \$140.4 \]",massA=3.18e-11 massB=1
p2,508,16,mixed,139,139,234,0.6,1.0101,4,True,B,Qwen/Qwen2.5-7B-Instruct,chat,riskneutral,1,1.0,1.0,0,answer,"To determine the best option, we need to calculate the expected dollar value for both Term A and Term B.

**Term A:**
- Keep $139 with no change.
- Expected value = $139 * 1 = $139.

**Term B:**
- 60% chance to rise to $234.
- 40% chance to drop to $0.
- Expected value = (0.60 * $234) + (0.40 * $0) = $140.40.

Comparing the expected values:
- Term A: $139
- Term B: $140.40

Since Term B has a higher expected dollar value, the optimal choice is Term B.",massA=1.64e-10 massB=1
p2,84,2,mixed,162,162,661,0.26,1.0609,2,True,B,Qwen/Qwen2.5-7B-Instruct,chat,riskneutral,1,1.0,1.0,0,answer,"To determine which alternative has the higher expected dollar value, we need to calculate the expected value for both options.

**Alternative A:** Keep your $162 with no change.
- Expected Value = $162 * 1 = $162

**Alternative B:** A 26% chance to rise to $661 and a 74% chance to drop to $0.
- Expected Value = (0.26 * $661) + (0.74 * $0)
- Expected Value = $171.86 + $0 = $171.86

Comparing the two expected values:
- Alternative A: $162
- Alternative B: $171.86

Since $171.86 is greater than $162, the expected value of Alternative B is higher.",massA=1.92e-10 massB=1
p2,78,2,gain,0,162,661,0.26,1.0609,4,True,B,Qwen/Qwen2.5-7B-Instruct,chat,riskneutral,1,1.0,1.0,0,answer,"Term A provides a certain gain of $162. The expected value for Term A is simply $162 since there is no uncertainty.

For Term B, we calculate the expected value as follows:
\[ \text{Expected Value} = (0.26 \times \$661) + (0.74 \times \$0) = \$171.86 \]

Comparing the two options:
- Term A: $162
- Term B: $171.86

Since Term B has a higher expected dollar value, the optimal choice is Term B.",massA=1.98e-10 massB=1
p2,504,16,mixed,139,139,234,0.6,1.0101,2,True,B,Qwen/Qwen2.5-7B-Instruct,chat,riskneutral,1,1.0,1.0,0,answer,"To determine which alternative has the higher expected dollar value, we need to calculate the expected value for both options.

**Alternative A:** Keep your $139 with no change.
- Expected Value = $139 * 1 = $139

**Alternative B:** A 60% chance to rise to $234 and a 40% chance to drop to $0.
- Expected Value = (0.60 * $234) + (0.40 * $0) = $140.40

Comparing the two expected values:
- Alternative A: $139
- Alternative B: $140.40

Since $140.40 is greater than $139, the expected value of Alternative B is higher.",massA=1.3e-10 massB=1
p2,85,2,mixed,162,162,661,0.26,1.0609,2,False,A,Qwen/Qwen2.5-7B-Instruct,chat,riskneutral,1,1.0,1.0,0,answer,"To determine which alternative has the higher expected dollar value, we need to calculate the expected value for each option.

For Alternative A:
- There is a 26% chance to rise to $661, which results in a gain of $499.
- There is a 74% chance to drop to $0, which results in a loss of $162.

The expected value \(E_A\) for Alternative A is calculated as follows:
\[ E_A = (0.26 \times 661) + (0.74 \times 0) \]
\[ E_A = 171.86 + 0 \]
\[ E_A = 171.86 \]

For Alternative B:
- You keep your $162 with no change.

The expected value \(E_B\) for Alternative B is simply:
\[ E_B = 162 \]

Comparing the two expected values:
- \(E_A = 171.86\)
- \(E_B = 162\)

Since \(171.86 > 162\), Alternative A has the higher expected dollar value.",massA=1 massB=2.25e-08
p2,89,2,mixed,162,162,661,0.26,1.0609,4,False,A,Qwen/Qwen2.5-7B-Instruct,chat,riskneutral,1,1.0,1.0,0,answer,"To determine which term to choose, we need to calculate the expected dollar value for each term.

**Term A:**
- Gain of $499 with a probability of 26%
- Loss of $162 with a probability of 74%

Expected value for Term A:
\[ \text{Expected Value} = (0.26 \times 661) + (0.74 \times 0) \]
\[ \text{Expected Value} = 171.86 + 0 \]
\[ \text{Expected Value} = 171.86 \]

**Term B:**
- Keep $162 with a probability of 100%

Expected value for Term B:
\[ \text{Expected Value} = 162 \]

Comparing the expected values:
- Term A: $171.86
- Term B: $162

Since $171.86 > $162, Term A has a higher expected dollar value.",massA=1 massB=1.31e-06
p2,1204,2,dominant,0,162,174,1.0,1.0741,0,True,B,Qwen/Qwen2.5-7B-Instruct,chat,riskneutral,1,1.0,1.0,0,answer,"Both options are certain payments, so there is no risk involved. The expected dollar value for each option is simply the amount offered since they are guaranteed.

- Option A offers $162.
- Option B offers $174.

Since $174 is greater than $162, the expected dollar value of Option B is higher.",massA=2.17e-10 massB=1
p2,495,16,gain,0,139,234,0.6,1.0101,2,False,A,Qwen/Qwen2.5-7B-Instruct,chat,riskneutral,1,1.0,1.0,0,answer,"To determine which alternative has the higher expected dollar value, we need to calculate the expected value for each option.

For Alternative A:
- There is a 60% chance to gain $234.
- There is a 40% chance to gain $0.

The expected value \(E_A\) for Alternative A is calculated as follows:
\[ E_A = (0.60 \times 234) + (0.40 \times 0) = 140.40 + 0 = 140.40 \]

For Alternative B:
- There is a certain gain of $139.

The expected value \(E_B\) for Alternative B is simply:
\[ E_B = 139 \]

Comparing the two expected values:
- \(E_A = 140.40\)
- \(E_B = 139\)

Since \(140.40 > 139\), the expected value of Alternative A is higher.",massA=1 massB=1.9e-08
p2,497,16,gain,0,139,234,0.6,1.0101,3,False,A,Qwen/Qwen2.5-7B-Instruct,chat,riskneutral,1,1.0,1.0,0,answer,"To determine the best choice, we need to calculate the expected dollar value for each outcome.

For Outcome A:
- There is a 60% chance to gain $234.
- There is a 40% chance to gain $0.

The expected value \(E_A\) for Outcome A is calculated as follows:
\[ E_A = (0.60 \times 234) + (0.40 \times 0) = 140.40 \]

For Outcome B:
- It is a certain gain of $139.

The expected value \(E_B\) for Outcome B is simply:
\[ E_B = 139 \]

Comparing the two expected values:
- \(E_A = 140.40\)
- \(E_B = 139\)

Since \(E_A > E_B\), the expected dollar value is higher for Outcome A.",massA=1 massB=1.75e-08
p2,507,16,mixed,139,139,234,0.6,1.0101,3,False,A,Qwen/Qwen2.5-7B-Instruct,chat,riskneutral,1,1.0,1.0,0,answer,"Expected value of Outcome A:
\[ 0.6 \times 234 + 0.4 \times 0 = 140.4 \]

Expected value of Outcome B:
\[ 139 \]

Since \(140.4 > 139\), Outcome A has a higher expected dollar value.",massA=1 massB=4.57e-09
p2,505,16,mixed,139,139,234,0.6,1.0101,2,False,A,Qwen/Qwen2.5-7B-Instruct,chat,riskneutral,1,1.0,1.0,0,answer,"To determine which alternative has the higher expected dollar value, we need to calculate the expected value for each option.

For Alternative A:
- There is a 60% chance to rise to $234, which is a gain of $95 from the initial $139.
- There is a 40% chance to drop to $0, which is a loss of $139 from the initial $139.

The expected value \(E_A\) for Alternative A is calculated as follows:
\[ E_A = (0.60 \times 234) + (0.40 \times 0) \]
\[ E_A = 140.40 + 0 \]
\[ E_A = 140.40 \]

For Alternative B:
- You keep your $139 with no change.

The expected value \(E_B\) for Alternative B is simply:
\[ E_B = 139 \]

Comparing the two expected values:
- \(E_A = 140.40\)
- \(E_B = 139\)

Since \(140.40 > 139\), Alternative A has the higher expected dollar value.",massA=1 massB=8.54e-09
p2,488,16,neutral,0,139,234,0.6,1.0101,4,True,B,Qwen/Qwen2.5-7B-Instruct,chat,riskneutral,1,1.0,1.0,0,answer,"To determine which term to choose, we need to calculate the expected dollar value for each term.

For Term A:
- The payoff is $139 with certainty.
- Therefore, the expected value is \(139 \times 1 = 139\) dollars.

For Term B:
- There is a 60% probability of receiving $234.
- There is a 40% probability of receiving $0.
- The expected value is calculated as follows:
  \[
  0.60 \times 234 + 0.40 \times 0 = 140.40 \text{ dollars}
  \]

Comparing the expected values:
- Term A: 139 dollars
- Term B: 140.40 dollars

Since Term B has a higher expected dollar value, the choice is clear.",massA=4.25e-10 massB=1
p2,491,16,gain,0,139,234,0.6,1.0101,0,False,A,Qwen/Qwen2.5-7B-Instruct,chat,riskneutral,1,1.0,1.0,0,answer,"Option A: Expected value = 0.6 * $234 + 0.4 * $0 = $140.4
Option B: Expected value = $139",massA=1 massB=1.63e-06
p2,484,16,neutral,0,139,234,0.6,1.0101,2,True,B,Qwen/Qwen2.5-7B-Instruct,chat,riskneutral,1,1.0,1.0,0,answer,"First, let's calculate the expected dollar value for each alternative.

For Alternative A:
- The payoff is $139 for certain.
- Therefore, the expected value is $139.

For Alternative B:
- There is a 60% probability of receiving $234.
- There is a 40% probability of receiving $0.
- The expected value is calculated as: \(0.60 \times 234 + 0.40 \times 0 = 140.4\).

Comparing the two expected values:
- Alternative A: $139
- Alternative B: $140.4

Since we are risk-neutral and maximizing expected value, we choose the option with the higher expected dollar value.",massA=1.5e-11 massB=1
p2,77,2,gain,0,162,661,0.26,1.0609,3,False,A,Qwen/Qwen2.5-7B-Instruct,chat,riskneutral,1,1.0,1.0,0,answer,"To determine the best choice, we need to calculate the expected dollar value for each outcome.

For Outcome A:
- There is a 26% chance to gain $661.
- The expected value is \(0.26 \times 661 = 171.86\) dollars.

For Outcome B:
- It is a certain gain of $162.
- The expected value is simply $162.

Comparing the two expected values:
- Expected value of Outcome A: $171.86
- Expected value of Outcome B: $162

Since $171.86 > $162, the expected dollar value of Outcome A is higher.",massA=1 massB=4.01e-08
p2,506,16,mixed,139,139,234,0.6,1.0101,3,True,B,Qwen/Qwen2.5-7B-Instruct,chat,riskneutral,1,1.0,1.0,0,answer,"Expected value of Outcome A:
\[ \$139 \times 1 = \$139 \]

Expected value of Outcome B:
\[ 0.6 \times \$234 + 0.4 \times \$0 = \$140.4 \]

Since the expected value of Outcome B (\$140.4) is greater than the expected value of Outcome A (\$139), choose Outcome B.",massA=1.1e-11 massB=1
p2,82,2,mixed,162,162,661,0.26,1.0609,1,True,B,Qwen/Qwen2.5-7B-Instruct,chat,riskneutral,1,1.0,1.0,0,answer,"To determine which arrangement has the higher expected dollar value, we need to calculate the expected value for both options.

**Arrangement A:**
- Keep $162 with no change.
- Expected value = $162 * 1 = $162.

**Arrangement B:**
- 26% chance to rise to $661.
- 74% chance to drop to $0.
- Expected value = (0.26 * $661) + (0.74 * $0) = $171.86.

Comparing the two expected values:
- Arrangement A: $162
- Arrangement B: $171.86

Since $171.86 is greater than $162, the expected value of Arrangement B is higher.",massA=1.24e-10 massB=1
p2,63,2,neutral,0,162,661,0.26,1.0609,1,False,A,Qwen/Qwen2.5-7B-Instruct,chat,riskneutral,1,1.0,1.0,0,answer,"First, calculate the expected dollar value for Arrangement A:
- The expected value is given by the sum of each outcome multiplied by its probability.
- For Arrangement A: \( \$661 \times 0.26 + \$0 \times 0.74 = \$171.86 \).

For Arrangement B, the value is certain:
- The expected value is simply the amount received, which is \( \$162 \).

Comparing the two expected values:
- Arrangement A has an expected value of \$171.86.
- Arrangement B has an expected value of \$162.

Since \$171.86 > \$162, you should choose Arrangement A.",massA=1 massB=6.41e-08
p2,487,16,neutral,0,139,234,0.6,1.0101,3,False,A,Qwen/Qwen2.5-7B-Instruct,chat,riskneutral,1,1.0,1.0,0,answer,"Expected value of Outcome A:
\[ 0.6 \times 234 + 0.4 \times 0 = 140.4 \]

Expected value of Outcome B:
\[ 139 \]

Comparing the two expected values:
- Outcome A has an expected value of $140.4
- Outcome B has an expected value of $139",massA=1 massB=1.4e-07
p2,1233,16,dominant,0,139,190,1.0,1.3669,2,False,A,Qwen/Qwen2.5-7B-Instruct,chat,riskneutral,1,1.0,1.0,0,answer,"Both alternatives offer a guaranteed amount of money with no uncertainty. Since there is no risk involved and we are risk-neutral, we simply compare the certain payoffs.

- Alternative A offers $190.
- Alternative B offers $139.

Since $190 > $139, the expected dollar value of Alternative A is higher.",massA=1 massB=1.25e-09
p2,87,2,mixed,162,162,661,0.26,1.0609,3,False,A,Qwen/Qwen2.5-7B-Instruct,chat,riskneutral,1,1.0,1.0,0,answer,"Expected value of Outcome A:
\[ 0.26 \times 661 + 0.74 \times 0 = 171.86 \]

Expected value of Outcome B:
\[ 162 \]

Comparing the two expected values:
\[ 171.86 > 162 \]",massA=1 massB=4.18e-07
p2,65,2,neutral,0,162,661,0.26,1.0609,2,False,A,Qwen/Qwen2.5-7B-Instruct,chat,riskneutral,1,1.0,1.0,0,answer,"To determine which alternative has the higher expected dollar value, we need to calculate the expected value for each option.

For Alternative A:
- The payoff is $661 with a probability of 26%, or $0 with a probability of 74%.
- Expected value = ($661 * 0.26) + ($0 * 0.74)
- Expected value = $171.86

For Alternative B:
- The payoff is $162 for certain.
- Expected value = $162

Comparing the two expected values:
- Alternative A: $171.86
- Alternative B: $162

Since $171.86 > $162, Alternative A has the higher expected dollar value.",massA=1 massB=2.55e-08
p2,483,16,neutral,0,139,234,0.6,1.0101,1,False,A,Qwen/Qwen2.5-7B-Instruct,chat,riskneutral,1,1.0,1.0,0,answer,"First, calculate the expected dollar value for Arrangement A:
- The expected value is given by the sum of each outcome multiplied by its probability.
- For Arrangement A: \(0.60 \times 234 + 0.40 \times 0 = 140.4\).

The expected dollar value for Arrangement A is $140.4.

For Arrangement B, the payment is certain:
- The expected value is simply the fixed amount received, which is $139.

Comparing the two:
- Expected value of Arrangement A: $140.4
- Expected value of Arrangement B: $139

Since $140.4 > $139, you should choose Arrangement A.",massA=1 massB=3.03e-08
p2,81,2,mixed,162,162,661,0.26,1.0609,0,False,A,Qwen/Qwen2.5-7B-Instruct,chat,riskneutral,1,1.0,1.0,0,answer,"First, we calculate the expected value for each option.

For Option A:
- There is a 26% chance to gain $499, so the expected value from this outcome is \(0.26 \times 661 = 171.86\).
- There is a 74% chance to lose $162, so the expected value from this outcome is \(0.74 \times 0 = 0\).

The total expected value for Option A is \(171.86 + 0 = 171.86\).

For Option B:
- You keep your $162 with no change, so the expected value is simply $162.

Comparing the two expected values:
- Expected value for Option A: $171.86
- Expected value for Option B: $162

Since $171.86 > $162, the expected value is higher for Option A.",massA=1 massB=9.09e-09
p2,481,16,neutral,0,139,234,0.6,1.0101,0,False,A,Qwen/Qwen2.5-7B-Instruct,chat,riskneutral,1,1.0,1.0,0,answer,"Option A expected value = $234 * 60% + $0 * 40% = $140.40
Option B expected value = $139

Since $140.40 > $139, Option A has the higher expected dollar value.",massA=1 massB=5.78e-09
p2,61,2,neutral,0,162,661,0.26,1.0609,0,False,A,Qwen/Qwen2.5-7B-Instruct,chat,riskneutral,1,1.0,1.0,0,answer,"Option A expected value = $661 * 0.26 + $0 * 0.74 = $171.86

Option B expected value = $162 * 1 = $162

Since $171.86 > $162, Option A has a higher expected dollar value.",massA=1 massB=1.97e-09
p2,502,16,mixed,139,139,234,0.6,1.0101,1,True,B,Qwen/Qwen2.5-7B-Instruct,chat,riskneutral,1,1.0,1.0,0,answer,"Arrangement A: The expected value is $139 since there is no change.

Arrangement B: The expected value is calculated as follows:
\[0.6 \times \$234 + 0.4 \times \$0 = \$140.4\]

Comparing the two expected values, Arrangement B has a higher expected dollar value of $140.4 compared to Arrangement A's $139.",massA=3.08e-11 massB=1
p2,75,2,gain,0,162,661,0.26,1.0609,2,False,A,Qwen/Qwen2.5-7B-Instruct,chat,riskneutral,1,1.0,1.0,0,answer,"To determine which alternative has the higher expected dollar value, we need to calculate the expected value for each option.

For Alternative A:
- There is a 26% chance to gain $661.
- The expected value is calculated as \(0.26 \times 661 = 171.86\).

For Alternative B:
- It is a certain gain of $162.
- The expected value is simply $162.

Comparing the two expected values:
- Alternative A: $171.86
- Alternative B: $162

Since $171.86 > $162, the expected value of Alternative A is higher.",massA=1 massB=4.55e-08
p2,494,16,gain,0,139,234,0.6,1.0101,2,True,B,Qwen/Qwen2.5-7B-Instruct,chat,riskneutral,1,1.0,1.0,0,answer,"For Alternative A, the expected value is simply the certain gain of $139 since there is no uncertainty.

For Alternative B, we calculate the expected value as follows:
\[ \text{Expected Value} = (0.60 \times \$234) + (0.40 \times \$0) = \$140.40 \]

Comparing the two alternatives:
- Alternative A has an expected value of $139.
- Alternative B has an expected value of $140.40.",massA=1.89e-10 massB=1
p2,73,2,gain,0,162,661,0.26,1.0609,1,False,A,Qwen/Qwen2.5-7B-Instruct,chat,riskneutral,1,1.0,1.0,0,answer,"To determine which arrangement has the higher expected dollar value, we need to calculate the expected value for each option.

For Arrangement A:
- There is a 26% chance to gain $661.
- The expected value is calculated as \(0.26 \times 661 = 171.86\).

For Arrangement B:
- There is a certain gain of $162.
- The expected value is simply $162 since there is no uncertainty.

Comparing the two expected values:
- Expected value of Arrangement A: $171.86
- Expected value of Arrangement B: $162

Since $171.86 > $162, the expected value of Arrangement A is higher.",massA=1 massB=1.2e-07
p2,74,2,gain,0,162,661,0.26,1.0609,2,True,B,Qwen/Qwen2.5-7B-Instruct,chat,riskneutral,1,1.0,1.0,0,answer,"To determine which alternative has the higher expected dollar value, we need to calculate the expected value for each option.

For Alternative A:
- It is a certain gain of $162.
- The expected value is simply $162 because there is no uncertainty.

For Alternative B:
- There is a 26% chance to gain $661 and a 74% chance to gain nothing.
- The expected value is calculated as follows:
  \[
  \text{Expected Value} = (0.26 \times 661) + (0.74 \times 0) = 171.86
  \]

Comparing the two expected values:
- Alternative A: $162
- Alternative B: $171.86

Since $171.86 > $162, the expected value of Alternative B is higher.",massA=7.82e-10 massB=1
p2,482,16,neutral,0,139,234,0.6,1.0101,1,True,B,Qwen/Qwen2.5-7B-Instruct,chat,riskneutral,1,1.0,1.0,0,answer,"First, we calculate the expected dollar value for each arrangement.

For Arrangement A:
- The payoff is $139 with certainty.
- Therefore, the expected value is \(139 \times 1 = 139\) dollars.

For Arrangement B:
- There is a 60% chance of receiving $234 and a 40% chance of receiving $0.
- The expected value is calculated as \(0.60 \times 234 + 0.40 \times 0 = 140.4\) dollars.

Comparing the two expected values:
- Arrangement A has an expected value of $139.
- Arrangement B has an expected value of $140.4.

Since $140.4 > $139, the expected value of Arrangement B is higher.",massA=6.03e-11 massB=1
p2,79,2,gain,0,162,661,0.26,1.0609,4,False,A,Qwen/Qwen2.5-7B-Instruct,chat,riskneutral,1,1.0,1.0,0,answer,"To determine which term to choose, we need to calculate the expected dollar value for each term.

For Term A:
- There is a 26% chance to gain $661.
- The expected value is calculated as \(0.26 \times 661 = 171.86\).

For Term B:
- There is a certain gain of $162.
- The expected value is simply $162.

Comparing the two expected values:
- Term A has an expected value of $171.86.
- Term B has an expected value of $162.

Since $171.86 > $162, Term A has the higher expected dollar value.",massA=1 massB=5.15e-08
p2,489,16,neutral,0,139,234,0.6,1.0101,4,False,A,Qwen/Qwen2.5-7B-Instruct,chat,riskneutral,1,1.0,1.0,0,answer,"To determine which term to choose, we need to calculate the expected dollar value for each term.

For Term A:
- The expected value is calculated as: \( \$234 \times 0.60 + \$0 \times 0.40 = \$140.40 \).

For Term B:
- The expected value is simply the certain amount: \( \$139 \).

Comparing the two expected values:
- Term A has an expected value of \$140.40.
- Term B has an expected value of \$139.

Since Term A has a higher expected dollar value, the choice is clear.",massA=1 massB=8.11e-08
p2,71,2,gain,0,162,661,0.26,1.0609,0,False,A,Qwen/Qwen2.5-7B-Instruct,chat,riskneutral,1,1.0,0.99998,0,answer,"Option A expected value calculation:
\[ 0.26 \times \$661 + 0.74 \times \$0 = \$172.86 \]

Option B is a certain gain of:
\[ \$162 \]

Comparing the two:
\[ \$172.86 > \$162 \]",massA=1 massB=7.27e-08
p2,499,16,gain,0,139,234,0.6,1.0101,4,False,A,Qwen/Qwen2.5-7B-Instruct,chat,riskneutral,1,1.0,1.0,0,answer,"To determine which term to choose, we need to calculate the expected dollar value for each term.

For Term A:
- There is a 60% chance to gain $234.
- There is a 40% chance to gain $0.

The expected value \(E_A\) for Term A is calculated as follows:
\[ E_A = (0.60 \times 234) + (0.40 \times 0) = 140.40 \]

For Term B:
- There is a certain gain of $139.

The expected value \(E_B\) for Term B is simply:
\[ E_B = 139 \]

Comparing the two expected values:
- \(E_A = 140.40\)
- \(E_B = 139\)

Since \(E_A > E_B\), the term with the higher expected dollar value is Term A.",massA=1 massB=4.99e-08
p2,67,2,neutral,0,162,661,0.26,1.0609,3,False,A,Qwen/Qwen2.5-7B-Instruct,chat,riskneutral,1,1.0,1.0,0,answer,"Expected value of Outcome A:
\[ 0.26 \times 661 + 0.74 \times 0 = 171.86 \]

Expected value of Outcome B:
\[ 162 \]

Comparing the two expected values:
\[ 171.86 > 162 \]",massA=1 massB=2.31e-07
